{
"type": "FeatureCollection",
"name": "groceries",
"crs": { "type": "name", "properties": { "name": "urn:ogc:def:crs:OGC:1.3:CRS84" } },
"features": [
{ "type": "Feature", "properties": { "element": "node", "id": 273593057, "name": "Ralphs", "shop": "supermarket", "brand": "Ralphs", "operator": null, "addr:street": "Villa La Jolla Drive", "addr:housenumber": "8657", "addr:city": "La Jolla", "addr:postcode": "92037" }, "geometry": { "type": "Point", "coordinates": [ -117.232061, 32.8663098 ] } },
{ "type": "Feature", "properties": { "element": "node", "id": 273593515, "name": "Trader Joe's", "shop": "supermarket", "brand": "Trader Joe's", "operator": null, "addr:street": "Villa La Jolla Drive", "addr:housenumber": "8657", "addr:city": "La Jolla", "addr:postcode": "92037" }, "geometry": { "type": "Point", "coordinates": [ -117.232406, 32.865636 ] } },
{ "type": "Feature", "properties": { "element": "node", "id": 274193121, "name": "Sprouts Farmers Market", "shop": "supermarket", "brand": "Sprouts Farmers Market", "operator": null, "addr:street": "Genesee Avenue", "addr:housenumber": "4439", "addr:city": "San Diego", "addr:postcode": "92117" }, "geometry": { "type": "Point", "coordinates": [ -117.1837196, 32.8242878 ] } },
{ "type": "Feature", "properties": { "element": "node", "id": 316542113, "name": "Ralphs", "shop": "supermarket", "brand": "Ralphs", "operator": null, "addr:street": "University Avenue", "addr:housenumber": "1020", "addr:city": "San Diego", "addr:postcode": "92103" }, "geometry": { "type": "Point", "coordinates": [ -117.1546337, 32.749375 ] } },
{ "type": "Feature", "properties": { "element": "node", "id": 339167460, "name": "7-Eleven", "shop": "convenience", "brand": "7-Eleven", "operator": null, "addr:street": "Kettner Boulevard", "addr:housenumber": "1670", "addr:city": "San Diego", "addr:postcode": "92101-2522" }, "geometry": { "type": "Point", "coordinates": [ -117.169481, 32.7221378 ] } },
{ "type": "Feature", "properties": { "element": "node", "id": 365319366, "name": "Ralphs", "shop": "supermarket", "brand": "Ralphs", "operator": null, "addr:street": "Mission Boulevard", "addr:housenumber": "4315", "addr:city": "San Diego", "addr:postcode": "92109" }, "geometry": { "type": "Point", "coordinates": [ -117.254304, 32.7942263 ] } },
{ "type": "Feature", "properties": { "element": "node", "id": 365319369, "name": "Minute Mart", "shop": "supermarket", "brand": null, "operator": null, "addr:street": null, "addr:housenumber": null, "addr:city": null, "addr:postcode": null }, "geometry": { "type": "Point", "coordinates": [ -117.086522, 32.757146 ] } },
{ "type": "Feature", "properties": { "element": "node", "id": 365319372, "name": "Smart & Final", "shop": "supermarket", "brand": "Smart & Final", "operator": null, "addr:street": null, "addr:housenumber": null, "addr:city": null, "addr:postcode": null }, "geometry": { "type": "Point", "coordinates": [ -117.140395, 32.7481139 ] } },
{ "type": "Feature", "properties": { "element": "node", "id": 365319375, "name": "Foodland Iga #3", "shop": "supermarket", "brand": null, "operator": null, "addr:street": null, "addr:housenumber": null, "addr:city": null, "addr:postcode": null }, "geometry": { "type": "Point", "coordinates": [ -117.085641, 32.720976 ] } },
{ "type": "Feature", "properties": { "element": "node", "id": 365319386, "name": "Seafood City", "shop": "supermarket", "brand": "Seafood City", "operator": null, "addr:street": "Mira Mesa Boulevard", "addr:housenumber": "8955", "addr:city": "San Diego", "addr:postcode": "92126" }, "geometry": { "type": "Point", "coordinates": [ -117.1315685, 32.9137858 ] } },
{ "type": "Feature", "properties": { "element": "node", "id": 365319431, "name": "Lucky", "shop": "supermarket", "brand": "Lucky", "operator": null, "addr:street": "Mira Mesa Boulevard", "addr:housenumber": "9326", "addr:city": null, "addr:postcode": "92126" }, "geometry": { "type": "Point", "coordinates": [ -117.12427, 32.9189539 ] } },
{ "type": "Feature", "properties": { "element": "node", "id": 365319435, "name": "Carnival Supermarket", "shop": "supermarket", "brand": null, "operator": null, "addr:street": null, "addr:housenumber": null, "addr:city": null, "addr:postcode": null }, "geometry": { "type": "Point", "coordinates": [ -117.160587, 32.808766 ] } },
{ "type": "Feature", "properties": { "element": "node", "id": 365319438, "name": "Gelson's", "shop": "supermarket", "brand": null, "operator": null, "addr:street": null, "addr:housenumber": null, "addr:city": null, "addr:postcode": null }, "geometry": { "type": "Point", "coordinates": [ -117.2491477, 32.9790506 ] } },
{ "type": "Feature", "properties": { "element": "node", "id": 365319491, "name": "Northgate Supermarket", "shop": "supermarket", "brand": null, "operator": null, "addr:street": "Coronado Avenue", "addr:housenumber": "2909", "addr:city": "San Diego", "addr:postcode": "92154" }, "geometry": { "type": "Point", "coordinates": [ -117.070391, 32.5759506 ] } },
{ "type": "Feature", "properties": { "element": "node", "id": 365319538, "name": "Harvest International Market", "shop": "supermarket", "brand": null, "operator": null, "addr:street": "Balboa Avenue", "addr:housenumber": "4220", "addr:city": "San Diego", "addr:postcode": null }, "geometry": { "type": "Point", "coordinates": [ -117.2001002, 32.812549 ] } },
{ "type": "Feature", "properties": { "element": "node", "id": 365319551, "name": "Northgate Market", "shop": "supermarket", "brand": null, "operator": null, "addr:street": null, "addr:housenumber": null, "addr:city": null, "addr:postcode": null }, "geometry": { "type": "Point", "coordinates": [ -117.1039822, 32.6916119 ] } },
{ "type": "Feature", "properties": { "element": "node", "id": 365319568, "name": "Pancho Villa Farmer's Market", "shop": "supermarket", "brand": null, "operator": null, "addr:street": "El Cajon Boulevard", "addr:housenumber": "3239", "addr:city": "San Diego", "addr:postcode": "92104" }, "geometry": { "type": "Point", "coordinates": [ -117.1233809, 32.7545883 ] } },
{ "type": "Feature", "properties": { "element": "node", "id": 365319606, "name": "Pay-Low Super Market", "shop": "supermarket", "brand": null, "operator": null, "addr:street": null, "addr:housenumber": null, "addr:city": null, "addr:postcode": null }, "geometry": { "type": "Point", "coordinates": [ -117.027292, 32.698243 ] } },
{ "type": "Feature", "properties": { "element": "node", "id": 365319706, "name": "Jonathans Of La Jolla", "shop": "supermarket", "brand": null, "operator": null, "addr:street": null, "addr:housenumber": null, "addr:city": null, "addr:postcode": null }, "geometry": { "type": "Point", "coordinates": [ -117.274095, 32.842531 ] } },
{ "type": "Feature", "properties": { "element": "node", "id": 365319753, "name": "Food Giant", "shop": "supermarket", "brand": null, "operator": null, "addr:street": null, "addr:housenumber": null, "addr:city": null, "addr:postcode": null }, "geometry": { "type": "Point", "coordinates": [ -117.086173, 32.696312 ] } },
{ "type": "Feature", "properties": { "element": "node", "id": 365319757, "name": "Food 4 Less", "shop": "supermarket", "brand": "Food 4 Less", "operator": null, "addr:street": null, "addr:housenumber": null, "addr:city": null, "addr:postcode": null }, "geometry": { "type": "Point", "coordinates": [ -117.068158, 32.750884 ] } },
{ "type": "Feature", "properties": { "element": "node", "id": 365319764, "name": "La Jolla Shores Market", "shop": "supermarket", "brand": null, "operator": null, "addr:street": null, "addr:housenumber": null, "addr:city": null, "addr:postcode": null }, "geometry": { "type": "Point", "coordinates": [ -117.254215, 32.853574 ] } },
{ "type": "Feature", "properties": { "element": "node", "id": 365319768, "name": "Ralphs", "shop": "supermarket", "brand": "Ralphs", "operator": null, "addr:street": "Sports Arena Boulevard", "addr:housenumber": "3345", "addr:city": "San Diego", "addr:postcode": "92110" }, "geometry": { "type": "Point", "coordinates": [ -117.210932699999987, 32.751781 ] } },
{ "type": "Feature", "properties": { "element": "node", "id": 365319772, "name": "Stump's Family Marketplace", "shop": "supermarket", "brand": null, "operator": null, "addr:street": "Voltaire Street", "addr:housenumber": "3720", "addr:city": "San Diego", "addr:postcode": "92106" }, "geometry": { "type": "Point", "coordinates": [ -117.2291935, 32.7412777 ] } },
{ "type": "Feature", "properties": { "element": "node", "id": 365319785, "name": "Albertsons", "shop": "supermarket", "brand": "Albertsons", "operator": null, "addr:street": "Rancho Bernardo Road", "addr:housenumber": "12475", "addr:city": "San Diego", "addr:postcode": "92128" }, "geometry": { "type": "Point", "coordinates": [ -117.061518, 33.0178029 ] } },
{ "type": "Feature", "properties": { "element": "node", "id": 365319898, "name": "El Super", "shop": "supermarket", "brand": "El Super", "operator": null, "addr:street": "West San Ysidro Boulevard", "addr:housenumber": "350", "addr:city": "San Ysidro", "addr:postcode": "92173" }, "geometry": { "type": "Point", "coordinates": [ -117.05133, 32.5548088 ] } },
{ "type": "Feature", "properties": { "element": "node", "id": 365319922, "name": "Ralphs", "shop": "supermarket", "brand": "Ralphs", "operator": null, "addr:street": "Montezuma Road", "addr:housenumber": "6670", "addr:city": "San Diego", "addr:postcode": "92115" }, "geometry": { "type": "Point", "coordinates": [ -117.054379, 32.769245 ] } },
{ "type": "Feature", "properties": { "element": "node", "id": 365319945, "name": "Food Palace", "shop": "supermarket", "brand": null, "operator": null, "addr:street": null, "addr:housenumber": null, "addr:city": null, "addr:postcode": null }, "geometry": { "type": "Point", "coordinates": [ -117.117565, 32.697051 ] } },
{ "type": "Feature", "properties": { "element": "node", "id": 365320007, "name": "Ralphs", "shop": "supermarket", "brand": "Ralphs", "operator": null, "addr:street": "Alta View Drive", "addr:housenumber": "3011", "addr:city": "San Diego", "addr:postcode": "92139" }, "geometry": { "type": "Point", "coordinates": [ -117.038896, 32.676575 ] } },
{ "type": "Feature", "properties": { "element": "node", "id": 365320031, "name": "Market Place #204", "shop": "supermarket", "brand": null, "operator": null, "addr:street": null, "addr:housenumber": null, "addr:city": null, "addr:postcode": null }, "geometry": { "type": "Point", "coordinates": [ -117.1175361, 32.7495176 ] } },
{ "type": "Feature", "properties": { "element": "node", "id": 365327863, "name": "7-Eleven", "shop": "convenience", "brand": "7-Eleven", "operator": null, "addr:street": "West San Ysidro Boulevard", "addr:housenumber": "191", "addr:city": "San Ysidro", "addr:postcode": "92173" }, "geometry": { "type": "Point", "coordinates": [ -117.047775, 32.554101 ] } },
{ "type": "Feature", "properties": { "element": "node", "id": 365327902, "name": "7-Eleven", "shop": "convenience", "brand": "7-Eleven", "operator": null, "addr:street": null, "addr:housenumber": null, "addr:city": null, "addr:postcode": null }, "geometry": { "type": "Point", "coordinates": [ -117.180297, 32.817122 ] } },
{ "type": "Feature", "properties": { "element": "node", "id": 365327928, "name": "7-Eleven", "shop": "convenience", "brand": "7-Eleven", "operator": null, "addr:street": "Midway Drive", "addr:housenumber": "3185", "addr:city": "San Diego", "addr:postcode": "92110-4552" }, "geometry": { "type": "Point", "coordinates": [ -117.2094062, 32.7500269 ] } },
{ "type": "Feature", "properties": { "element": "node", "id": 365327946, "name": "7-Eleven", "shop": "convenience", "brand": "7-Eleven", "operator": null, "addr:street": "Garnet Avenue", "addr:housenumber": "1305", "addr:city": "San Diego", "addr:postcode": "92109-3012" }, "geometry": { "type": "Point", "coordinates": [ -117.246014500000015, 32.798286 ] } },
{ "type": "Feature", "properties": { "element": "node", "id": 365327995, "name": "7-Eleven", "shop": "convenience", "brand": "7-Eleven", "operator": null, "addr:street": "Cass Street", "addr:housenumber": "4983", "addr:city": "San Diego", "addr:postcode": "92109-2039" }, "geometry": { "type": "Point", "coordinates": [ -117.2539937, 32.8056506 ] } },
{ "type": "Feature", "properties": { "element": "node", "id": 365328167, "name": "7-Eleven", "shop": "convenience", "brand": "7-Eleven", "operator": null, "addr:street": "Ohio Street", "addr:housenumber": "4687", "addr:city": "San Diego", "addr:postcode": "92116-3227" }, "geometry": { "type": "Point", "coordinates": [ -117.128601, 32.762696 ] } },
{ "type": "Feature", "properties": { "element": "node", "id": 365328198, "name": "7-Eleven", "shop": "convenience", "brand": null, "operator": null, "addr:street": null, "addr:housenumber": null, "addr:city": null, "addr:postcode": null }, "geometry": { "type": "Point", "coordinates": [ -117.053806, 32.57418 ] } },
{ "type": "Feature", "properties": { "element": "node", "id": 365328208, "name": "7-Eleven", "shop": "convenience", "brand": "7-Eleven", "operator": null, "addr:street": "Palm Avenue", "addr:housenumber": "2295", "addr:city": "San Diego", "addr:postcode": "92154-4759" }, "geometry": { "type": "Point", "coordinates": [ -117.084474, 32.583488 ] } },
{ "type": "Feature", "properties": { "element": "node", "id": 365328268, "name": "7-Eleven", "shop": "convenience", "brand": "7-Eleven", "operator": null, "addr:street": "Mission Bvd", "addr:housenumber": "4340", "addr:city": "San Diego", "addr:postcode": "92109-3916" }, "geometry": { "type": "Point", "coordinates": [ -117.25499880000001, 32.7941989 ] } },
{ "type": "Feature", "properties": { "element": "node", "id": 365328306, "name": "7-Eleven", "shop": "convenience", "brand": "7-Eleven", "operator": null, "addr:street": "Gold Coast Drive", "addr:housenumber": "8261", "addr:city": "San Diego", "addr:postcode": "92126" }, "geometry": { "type": "Point", "coordinates": [ -117.1454271, 32.9048684 ] } },
{ "type": "Feature", "properties": { "element": "node", "id": 365328310, "name": "7-Eleven", "shop": "convenience", "brand": "7-Eleven", "operator": null, "addr:street": "Garnet Avenue", "addr:housenumber": "2275", "addr:city": "San Diego", "addr:postcode": "92109-3712" }, "geometry": { "type": "Point", "coordinates": [ -117.2283213, 32.8023308 ] } },
{ "type": "Feature", "properties": { "element": "node", "id": 365328334, "name": "7-Eleven", "shop": "convenience", "brand": "7-Eleven", "operator": null, "addr:street": "Broadway", "addr:housenumber": "2475", "addr:city": "San Diego", "addr:postcode": "92102" }, "geometry": { "type": "Point", "coordinates": [ -117.1406053, 32.7153608 ] } },
{ "type": "Feature", "properties": { "element": "node", "id": 365328342, "name": "7-Eleven", "shop": "convenience", "brand": "7-Eleven", "operator": null, "addr:street": "Billman Street", "addr:housenumber": null, "addr:city": null, "addr:postcode": null }, "geometry": { "type": "Point", "coordinates": [ -117.058953499999987, 32.7461227 ] } },
{ "type": "Feature", "properties": { "element": "node", "id": 365328345, "name": "7-Eleven", "shop": "convenience", "brand": "7-Eleven", "operator": null, "addr:street": "El Cajon Boulevard", "addr:housenumber": "1995", "addr:city": "San Diego", "addr:postcode": "92104-1047" }, "geometry": { "type": "Point", "coordinates": [ -117.1439395, 32.7548486 ] } },
{ "type": "Feature", "properties": { "element": "node", "id": 365328381, "name": "7-Eleven", "shop": "convenience", "brand": "7-Eleven", "operator": null, "addr:street": null, "addr:housenumber": null, "addr:city": null, "addr:postcode": null }, "geometry": { "type": "Point", "coordinates": [ -117.044176, 32.55861 ] } },
{ "type": "Feature", "properties": { "element": "node", "id": 365328390, "name": "7-Eleven", "shop": "convenience", "brand": "7-Eleven", "operator": null, "addr:street": null, "addr:housenumber": null, "addr:city": null, "addr:postcode": null }, "geometry": { "type": "Point", "coordinates": [ -117.1750022, 32.7735046 ] } },
{ "type": "Feature", "properties": { "element": "node", "id": 365328410, "name": "7-Eleven", "shop": "convenience", "brand": "7-Eleven", "operator": null, "addr:street": "Rancho Penasquitos", "addr:housenumber": "12890", "addr:city": "San Diego", "addr:postcode": "92129-2935" }, "geometry": { "type": "Point", "coordinates": [ -117.108095099999986, 32.9512344 ] } },
{ "type": "Feature", "properties": { "element": "node", "id": 365328437, "name": "7-Eleven", "shop": "convenience", "brand": "7-Eleven", "operator": null, "addr:street": "University Avenue", "addr:housenumber": "2406", "addr:city": "San Diego", "addr:postcode": "92104" }, "geometry": { "type": "Point", "coordinates": [ -117.138524, 32.7487391 ] } },
{ "type": "Feature", "properties": { "element": "node", "id": 365328446, "name": "7-Eleven", "shop": "convenience", "brand": "7-Eleven", "operator": null, "addr:street": "Peñasquitos Drive", "addr:housenumber": "14391", "addr:city": "San Diego", "addr:postcode": "92129" }, "geometry": { "type": "Point", "coordinates": [ -117.0895225, 32.9774909 ] } },
{ "type": "Feature", "properties": { "element": "node", "id": 365328455, "name": "7-Eleven", "shop": "convenience", "brand": "7-Eleven", "operator": null, "addr:street": null, "addr:housenumber": null, "addr:city": null, "addr:postcode": null }, "geometry": { "type": "Point", "coordinates": [ -117.247107, 32.949507 ] } },
{ "type": "Feature", "properties": { "element": "node", "id": 365328458, "name": "7-Eleven", "shop": "convenience", "brand": "7-Eleven", "operator": null, "addr:street": null, "addr:housenumber": null, "addr:city": null, "addr:postcode": null }, "geometry": { "type": "Point", "coordinates": [ -117.0567674, 32.7667923 ] } },
{ "type": "Feature", "properties": { "element": "node", "id": 365328462, "name": "7-Eleven", "shop": "convenience", "brand": "7-Eleven", "operator": null, "addr:street": "Clairemont Drive", "addr:housenumber": "3090", "addr:city": "San Diego", "addr:postcode": "92117-6767" }, "geometry": { "type": "Point", "coordinates": [ -117.193547, 32.797057 ] } },
{ "type": "Feature", "properties": { "element": "node", "id": 365328481, "name": "7-Eleven", "shop": "convenience", "brand": "7-Eleven", "operator": null, "addr:street": "Spruce Street", "addr:housenumber": "432", "addr:city": "San Diego", "addr:postcode": "92103" }, "geometry": { "type": "Point", "coordinates": [ -117.160622, 32.739036 ] } },
{ "type": "Feature", "properties": { "element": "node", "id": 365328490, "name": "7-Eleven", "shop": "convenience", "brand": "7-Eleven", "operator": null, "addr:street": "University Avenue", "addr:housenumber": "4919", "addr:city": "San Diego", "addr:postcode": "92105-2110" }, "geometry": { "type": "Point", "coordinates": [ -117.088293, 32.749278 ] } },
{ "type": "Feature", "properties": { "element": "node", "id": 365328510, "name": "7-Eleven", "shop": "convenience", "brand": "7-Eleven", "operator": null, "addr:street": "Mango Drive", "addr:housenumber": "13835", "addr:city": "Del Mar", "addr:postcode": "92014-3101" }, "geometry": { "type": "Point", "coordinates": [ -117.247084, 32.949148 ] } },
{ "type": "Feature", "properties": { "element": "node", "id": 365328520, "name": "7-Eleven", "shop": "convenience", "brand": "7-Eleven", "operator": null, "addr:street": "Linda Vista Road", "addr:housenumber": "5150", "addr:city": "San Diego", "addr:postcode": "92110-2601" }, "geometry": { "type": "Point", "coordinates": [ -117.1973403, 32.7652358 ] } },
{ "type": "Feature", "properties": { "element": "node", "id": 365328556, "name": "7-Eleven", "shop": "convenience", "brand": "7-Eleven", "operator": null, "addr:street": "Mission Bay Drive", "addr:housenumber": "4527", "addr:city": "San Diego", "addr:postcode": "92109-4920" }, "geometry": { "type": "Point", "coordinates": [ -117.215586, 32.804259 ] } },
{ "type": "Feature", "properties": { "element": "node", "id": 365328568, "name": "7-Eleven", "shop": "convenience", "brand": "7-Eleven", "operator": null, "addr:street": "El Cajon Boulevard", "addr:housenumber": "4745", "addr:city": "San Diego", "addr:postcode": "92115-4508" }, "geometry": { "type": "Point", "coordinates": [ -117.0924114, 32.7556653 ] } },
{ "type": "Feature", "properties": { "element": "node", "id": 365328577, "name": "7-Eleven", "shop": "convenience", "brand": "7-Eleven", "operator": null, "addr:street": null, "addr:housenumber": null, "addr:city": null, "addr:postcode": null }, "geometry": { "type": "Point", "coordinates": [ -117.162099400000017, 32.7467744 ] } },
{ "type": "Feature", "properties": { "element": "node", "id": 365328598, "name": "7-Eleven", "shop": "convenience", "brand": "7-Eleven", "operator": null, "addr:street": "Bernardo Center Drive", "addr:housenumber": "15883", "addr:city": "San Diego", "addr:postcode": "92127-2321" }, "geometry": { "type": "Point", "coordinates": [ -117.0906816, 33.0051451 ] } },
{ "type": "Feature", "properties": { "element": "node", "id": 365328622, "name": "7-Eleven", "shop": "convenience", "brand": "7-Eleven", "operator": null, "addr:street": "Balboa Avenue", "addr:housenumber": "1906", "addr:city": "San Diego", "addr:postcode": "92109-4502" }, "geometry": { "type": "Point", "coordinates": [ -117.2346064, 32.7995506 ] } },
{ "type": "Feature", "properties": { "element": "node", "id": 365328636, "name": "7-Eleven", "shop": "convenience", "brand": "7-Eleven", "operator": null, "addr:street": null, "addr:housenumber": null, "addr:city": null, "addr:postcode": null }, "geometry": { "type": "Point", "coordinates": [ -117.129336, 32.727878 ] } },
{ "type": "Feature", "properties": { "element": "node", "id": 365328658, "name": "7-Eleven", "shop": "convenience", "brand": "7-Eleven", "operator": null, "addr:street": "Adams Avenue", "addr:housenumber": "3436", "addr:city": "San Diego", "addr:postcode": "92116-2430" }, "geometry": { "type": "Point", "coordinates": [ -117.119159, 32.763593 ] } },
{ "type": "Feature", "properties": { "element": "node", "id": 365328684, "name": "7-Eleven", "shop": "convenience", "brand": "7-Eleven", "operator": null, "addr:street": "Carmel Mountain Road", "addr:housenumber": "9701", "addr:city": "San Diego", "addr:postcode": "92129" }, "geometry": { "type": "Point", "coordinates": [ -117.117483, 32.961928699999987 ] } },
{ "type": "Feature", "properties": { "element": "node", "id": 365328765, "name": "7-Eleven", "shop": "convenience", "brand": "7-Eleven", "operator": null, "addr:street": null, "addr:housenumber": null, "addr:city": null, "addr:postcode": null }, "geometry": { "type": "Point", "coordinates": [ -117.159554, 32.716594 ] } },
{ "type": "Feature", "properties": { "element": "node", "id": 365328814, "name": "7-Eleven", "shop": "convenience", "brand": "7-Eleven", "operator": null, "addr:street": "University Avenue", "addr:housenumber": "1602", "addr:city": "San Diego", "addr:postcode": "92103" }, "geometry": { "type": "Point", "coordinates": [ -117.149257, 32.748675 ] } },
{ "type": "Feature", "properties": { "element": "node", "id": 365328848, "name": "7-Eleven", "shop": "convenience", "brand": "7-Eleven", "operator": null, "addr:street": "Bernardo Center Drive", "addr:housenumber": "16703", "addr:city": "San Diego", "addr:postcode": "92128" }, "geometry": { "type": "Point", "coordinates": [ -117.07518, 33.0168929 ] } },
{ "type": "Feature", "properties": { "element": "node", "id": 365328868, "name": "7-Eleven", "shop": "convenience", "brand": "7-Eleven", "operator": null, "addr:street": "El Cajon Boulevard", "addr:housenumber": "6991", "addr:city": "San Diego", "addr:postcode": "92115-1739" }, "geometry": { "type": "Point", "coordinates": [ -117.047358, 32.768284899999983 ] } },
{ "type": "Feature", "properties": { "element": "node", "id": 365328876, "name": "7-Eleven", "shop": "convenience", "brand": "7-Eleven", "operator": null, "addr:street": "Adrian Street", "addr:housenumber": "2920;2918", "addr:city": "San Diego", "addr:postcode": "92110-5725;92110" }, "geometry": { "type": "Point", "coordinates": [ -117.2265914, 32.7520119 ] } },
{ "type": "Feature", "properties": { "element": "node", "id": 365328899, "name": "7-Eleven", "shop": "convenience", "brand": "7-Eleven", "operator": null, "addr:street": "Meade Avenue", "addr:housenumber": "3019", "addr:city": "San Diego", "addr:postcode": "92116-4325" }, "geometry": { "type": "Point", "coordinates": [ -117.1297689, 32.7570324 ] } },
{ "type": "Feature", "properties": { "element": "node", "id": 365328911, "name": "7-Eleven", "shop": "convenience", "brand": "7-Eleven", "operator": null, "addr:street": "Gateway Drive", "addr:housenumber": "1702", "addr:city": "San Diego", "addr:postcode": "92105" }, "geometry": { "type": "Point", "coordinates": [ -117.108062, 32.7231487 ] } },
{ "type": "Feature", "properties": { "element": "node", "id": 365328917, "name": "7-Eleven", "shop": "convenience", "brand": "7-Eleven", "operator": null, "addr:street": "Coronado Avenue", "addr:housenumber": "2509", "addr:city": "San Diego", "addr:postcode": "92154-2143" }, "geometry": { "type": "Point", "coordinates": [ -117.079292, 32.576172 ] } },
{ "type": "Feature", "properties": { "element": "node", "id": 365328927, "name": "7-Eleven", "shop": "convenience", "brand": "7-Eleven", "operator": null, "addr:street": "Voltaire Street", "addr:housenumber": "4205", "addr:city": "San Diego", "addr:postcode": "92107-1709;92107" }, "geometry": { "type": "Point", "coordinates": [ -117.235327699999985, 32.7437437 ] } },
{ "type": "Feature", "properties": { "element": "node", "id": 365328935, "name": "7-Eleven", "shop": "convenience", "brand": "7-Eleven", "operator": null, "addr:street": "West Point Loma Boulevard", "addr:housenumber": "4111", "addr:city": "San Diego", "addr:postcode": "92110" }, "geometry": { "type": "Point", "coordinates": [ -117.2235609, 32.7533359 ] } },
{ "type": "Feature", "properties": { "element": "node", "id": 365328953, "name": "7-Eleven", "shop": "convenience", "brand": null, "operator": null, "addr:street": null, "addr:housenumber": null, "addr:city": null, "addr:postcode": null }, "geometry": { "type": "Point", "coordinates": [ -117.078552500000015, 32.5647223 ] } },
{ "type": "Feature", "properties": { "element": "node", "id": 444159684, "name": "Trader Joe's", "shop": "supermarket", "brand": "Trader Joe's", "operator": null, "addr:street": "Truxtun Road", "addr:housenumber": "2401", "addr:city": "San Diego", "addr:postcode": "92106" }, "geometry": { "type": "Point", "coordinates": [ -117.217371199999988, 32.736068 ] } },
{ "type": "Feature", "properties": { "element": "node", "id": 448035985, "name": "Sprouts", "shop": "supermarket", "brand": null, "operator": null, "addr:street": null, "addr:housenumber": null, "addr:city": null, "addr:postcode": null }, "geometry": { "type": "Point", "coordinates": [ -117.2469667, 32.7987241 ] } },
{ "type": "Feature", "properties": { "element": "node", "id": 454844002, "name": "Ocean Beach People's Organic Food Market", "shop": "supermarket", "brand": null, "operator": null, "addr:street": "Voltaire Street", "addr:housenumber": "4765", "addr:city": "San Diego", "addr:postcode": "92107" }, "geometry": { "type": "Point", "coordinates": [ -117.242901, 32.7495327 ] } },
{ "type": "Feature", "properties": { "element": "node", "id": 530764048, "name": "7-Eleven", "shop": "convenience", "brand": "7-Eleven", "operator": null, "addr:street": "West Grape", "addr:housenumber": "600", "addr:city": "San Diego", "addr:postcode": "92101-2211" }, "geometry": { "type": "Point", "coordinates": [ -117.1688936, 32.7255823 ] } },
{ "type": "Feature", "properties": { "element": "node", "id": 530764099, "name": "Mona Lisa", "shop": "supermarket", "brand": null, "operator": null, "addr:street": null, "addr:housenumber": null, "addr:city": null, "addr:postcode": null }, "geometry": { "type": "Point", "coordinates": [ -117.1691081, 32.726261 ] } },
{ "type": "Feature", "properties": { "element": "node", "id": 565513431, "name": "7-Eleven", "shop": "convenience", "brand": "7-Eleven", "operator": null, "addr:street": "State Street", "addr:housenumber": "1469", "addr:city": "San Diego", "addr:postcode": "92101-3421" }, "geometry": { "type": "Point", "coordinates": [ -117.166342, 32.720787 ] } },
{ "type": "Feature", "properties": { "element": "node", "id": 596030433, "name": "Liva Food Distributor", "shop": "supermarket", "brand": null, "operator": null, "addr:street": "Iris Avenue", "addr:housenumber": "3155", "addr:city": "San Ysidro", "addr:postcode": "92173" }, "geometry": { "type": "Point", "coordinates": [ -117.06431, 32.568926 ] } },
{ "type": "Feature", "properties": { "element": "node", "id": 596095044, "name": "Cash & Carry Italian Market", "shop": "supermarket", "brand": null, "operator": "Filippi's Pizza Grotto", "addr:street": "India Street", "addr:housenumber": "1749", "addr:city": "San Diego", "addr:postcode": "92101" }, "geometry": { "type": "Point", "coordinates": [ -117.1682448, 32.7237164 ] } },
{ "type": "Feature", "properties": { "element": "node", "id": 596140109, "name": "Speedway", "shop": "convenience", "brand": "Speedway", "operator": null, "addr:street": "Clairemont Mesa Boulevard", "addr:housenumber": "4202", "addr:city": "San Diego", "addr:postcode": "92117" }, "geometry": { "type": "Point", "coordinates": [ -117.202013, 32.831601800000016 ] } },
{ "type": "Feature", "properties": { "element": "node", "id": 596327872, "name": "Northgate Market", "shop": "supermarket", "brand": "Northgate Market", "operator": null, "addr:street": "University Avenue", "addr:housenumber": "5403", "addr:city": "San Diego", "addr:postcode": "92105" }, "geometry": { "type": "Point", "coordinates": [ -117.0781888, 32.74713 ] } },
{ "type": "Feature", "properties": { "element": "node", "id": 596335189, "name": "Kim's Liquor", "shop": "convenience", "brand": null, "operator": null, "addr:street": "30th Street", "addr:housenumber": "2003", "addr:city": "San Diego", "addr:postcode": "92102" }, "geometry": { "type": "Point", "coordinates": [ -117.129873, 32.726697 ] } },
{ "type": "Feature", "properties": { "element": "node", "id": 596429698, "name": "Ralphs", "shop": "supermarket", "brand": "Ralphs", "operator": null, "addr:street": "Carmel Mountain Road", "addr:housenumber": "11875", "addr:city": "San Diego", "addr:postcode": "92128" }, "geometry": { "type": "Point", "coordinates": [ -117.075652, 32.9810455 ] } },
{ "type": "Feature", "properties": { "element": "node", "id": 596465477, "name": "7-Eleven", "shop": "convenience", "brand": "7-Eleven", "operator": null, "addr:street": "Mission Gorge Road", "addr:housenumber": "6403", "addr:city": "San Diego", "addr:postcode": "92120" }, "geometry": { "type": "Point", "coordinates": [ -117.097229700000014, 32.7900207 ] } },
{ "type": "Feature", "properties": { "element": "node", "id": 596551194, "name": "7-Eleven", "shop": "convenience", "brand": "7-Eleven", "operator": null, "addr:street": "Sandrock Road", "addr:housenumber": "3385", "addr:city": "San Diego", "addr:postcode": "92123" }, "geometry": { "type": "Point", "coordinates": [ -117.1397376, 32.804725 ] } },
{ "type": "Feature", "properties": { "element": "node", "id": 596577873, "name": "Barons Market", "shop": "supermarket", "brand": null, "operator": null, "addr:street": "West Point Loma Boulevard", "addr:housenumber": "4001", "addr:city": "San Diego", "addr:postcode": "92110" }, "geometry": { "type": "Point", "coordinates": [ -117.222341, 32.7534505 ] } },
{ "type": "Feature", "properties": { "element": "node", "id": 596708417, "name": "Holiday Market", "shop": "convenience", "brand": null, "operator": null, "addr:street": "Thorn Street", "addr:housenumber": "3206", "addr:city": "San Diego", "addr:postcode": "92104" }, "geometry": { "type": "Point", "coordinates": [ -117.1248315, 32.7394027 ] } },
{ "type": "Feature", "properties": { "element": "node", "id": 596741196, "name": "Corner Liquor", "shop": "supermarket", "brand": null, "operator": null, "addr:street": "Adams Avenue", "addr:housenumber": "3355", "addr:city": "San Diego", "addr:postcode": "92116" }, "geometry": { "type": "Point", "coordinates": [ -117.1215448, 32.7632306 ] } },
{ "type": "Feature", "properties": { "element": "node", "id": 596804423, "name": "Cloverleaf Market", "shop": "convenience", "brand": null, "operator": null, "addr:street": "Reynard Way", "addr:housenumber": "3070", "addr:city": "San Diego", "addr:postcode": "92103" }, "geometry": { "type": "Point", "coordinates": [ -117.1702896, 32.7373782 ] } },
{ "type": "Feature", "properties": { "element": "node", "id": 596834496, "name": "USA Gasoline", "shop": "convenience", "brand": "USA Gasoline", "operator": null, "addr:street": "Mission Gorge Road", "addr:housenumber": "6404", "addr:city": "San Diego", "addr:postcode": "92120" }, "geometry": { "type": "Point", "coordinates": [ -117.098098, 32.790141 ] } },
{ "type": "Feature", "properties": { "element": "node", "id": 596839293, "name": "ExtraMile", "shop": "convenience", "brand": "ExtraMile", "operator": null, "addr:street": "La Media Road", "addr:housenumber": "1599", "addr:city": "San Diego", "addr:postcode": "92154" }, "geometry": { "type": "Point", "coordinates": [ -116.961526899999981, 32.5685226 ] } },
{ "type": "Feature", "properties": { "element": "node", "id": 596896179, "name": "Food Bowl Market", "shop": "supermarket", "brand": null, "operator": null, "addr:street": "Cedar Street", "addr:housenumber": "3035", "addr:city": "San Diego", "addr:postcode": "92102" }, "geometry": { "type": "Point", "coordinates": [ -117.1289514, 32.7220617 ] } },
{ "type": "Feature", "properties": { "element": "node", "id": 596943098, "name": "Trader Joe's", "shop": "supermarket", "brand": "Trader Joe's", "operator": null, "addr:street": "Carmel Mountain Road", "addr:housenumber": "11955", "addr:city": "San Diego", "addr:postcode": "92128" }, "geometry": { "type": "Point", "coordinates": [ -117.074986, 32.982014 ] } },
{ "type": "Feature", "properties": { "element": "node", "id": 596987936, "name": "Mesa Mart", "shop": "convenience", "brand": null, "operator": null, "addr:street": "Linda Vista Road", "addr:housenumber": "7611", "addr:city": "San Diego", "addr:postcode": "92111" }, "geometry": { "type": "Point", "coordinates": [ -117.15748, 32.8012872 ] } },
{ "type": "Feature", "properties": { "element": "node", "id": 597002895, "name": "Northgate Market", "shop": "supermarket", "brand": null, "operator": null, "addr:street": "Main Street", "addr:housenumber": "1950", "addr:city": "San Diego", "addr:postcode": "92113" }, "geometry": { "type": "Point", "coordinates": [ -117.1457621, 32.6985822 ] } },
{ "type": "Feature", "properties": { "element": "node", "id": 597040449, "name": "99 Ranch Market", "shop": "supermarket", "brand": "99 Ranch Market", "operator": null, "addr:street": "Clairemont Mesa Boulevard", "addr:housenumber": "7330", "addr:city": "San Diego", "addr:postcode": "92111" }, "geometry": { "type": "Point", "coordinates": [ -117.1607905, 32.833576599999986 ] } },
{ "type": "Feature", "properties": { "element": "node", "id": 654739924, "name": "Sunshine Market", "shop": "convenience", "brand": null, "operator": null, "addr:street": null, "addr:housenumber": null, "addr:city": null, "addr:postcode": null }, "geometry": { "type": "Point", "coordinates": [ -117.195118400000013, 32.833846 ] } },
{ "type": "Feature", "properties": { "element": "node", "id": 761881884, "name": "Windmill Farms", "shop": "supermarket", "brand": null, "operator": null, "addr:street": null, "addr:housenumber": null, "addr:city": null, "addr:postcode": null }, "geometry": { "type": "Point", "coordinates": [ -117.0596437, 32.7839251 ] } },
{ "type": "Feature", "properties": { "element": "node", "id": 761882353, "name": "ExtraMile", "shop": "convenience", "brand": "ExtraMile", "operator": null, "addr:street": "Del Cerro Boulevard", "addr:housenumber": "6301", "addr:city": null, "addr:postcode": null }, "geometry": { "type": "Point", "coordinates": [ -117.061462, 32.7828653 ] } },
{ "type": "Feature", "properties": { "element": "node", "id": 766271740, "name": "Kwik Stops", "shop": "convenience", "brand": null, "operator": null, "addr:street": "Ray Street", "addr:housenumber": "3408", "addr:city": "San Diego", "addr:postcode": "92104" }, "geometry": { "type": "Point", "coordinates": [ -117.129359600000015, 32.7413396 ] } },
{ "type": "Feature", "properties": { "element": "node", "id": 766274739, "name": "Ray's Liquor", "shop": "convenience", "brand": null, "operator": null, "addr:street": "30th Street", "addr:housenumber": "3047", "addr:city": "San Diego", "addr:postcode": "92104" }, "geometry": { "type": "Point", "coordinates": [ -117.12898060000002, 32.737264 ] } },
{ "type": "Feature", "properties": { "element": "node", "id": 922120602, "name": "General Store Co-Op", "shop": "convenience", "brand": null, "operator": null, "addr:street": null, "addr:housenumber": null, "addr:city": null, "addr:postcode": null }, "geometry": { "type": "Point", "coordinates": [ -117.239955, 32.8772281 ] } },
{ "type": "Feature", "properties": { "element": "node", "id": 955368323, "name": null, "shop": "convenience", "brand": null, "operator": null, "addr:street": "Park Boulevard", "addr:housenumber": "4504", "addr:city": "San Diego", "addr:postcode": "92116" }, "geometry": { "type": "Point", "coordinates": [ -117.1464348, 32.7592781 ] } },
{ "type": "Feature", "properties": { "element": "node", "id": 955373182, "name": "Bud's Liquor", "shop": "convenience", "brand": null, "operator": null, "addr:street": null, "addr:housenumber": null, "addr:city": null, "addr:postcode": null }, "geometry": { "type": "Point", "coordinates": [ -117.1460968, 32.7607476 ] } },
{ "type": "Feature", "properties": { "element": "node", "id": 955373366, "name": "Summer's Liquor", "shop": "convenience", "brand": null, "operator": null, "addr:street": null, "addr:housenumber": null, "addr:city": null, "addr:postcode": null }, "geometry": { "type": "Point", "coordinates": [ -117.1464308, 32.7611446 ] } },
{ "type": "Feature", "properties": { "element": "node", "id": 964338334, "name": "Chris' Market", "shop": "convenience", "brand": null, "operator": null, "addr:street": null, "addr:housenumber": null, "addr:city": null, "addr:postcode": null }, "geometry": { "type": "Point", "coordinates": [ -117.120736699999981, 32.7418131 ] } },
{ "type": "Feature", "properties": { "element": "node", "id": 964338340, "name": null, "shop": "convenience", "brand": null, "operator": null, "addr:street": null, "addr:housenumber": null, "addr:city": null, "addr:postcode": null }, "geometry": { "type": "Point", "coordinates": [ -117.1242905, 32.7418356 ] } },
{ "type": "Feature", "properties": { "element": "node", "id": 964344366, "name": "Parkside Foods", "shop": "supermarket", "brand": null, "operator": null, "addr:street": null, "addr:housenumber": null, "addr:city": null, "addr:postcode": null }, "geometry": { "type": "Point", "coordinates": [ -117.1246588, 32.7390674 ] } },
{ "type": "Feature", "properties": { "element": "node", "id": 966307864, "name": "Pacific Liquor", "shop": "convenience", "brand": null, "operator": null, "addr:street": null, "addr:housenumber": null, "addr:city": null, "addr:postcode": null }, "geometry": { "type": "Point", "coordinates": [ -117.1307161, 32.7550915 ] } },
{ "type": "Feature", "properties": { "element": "node", "id": 1036688405, "name": "Tropical Star", "shop": "grocery", "brand": null, "operator": null, "addr:street": null, "addr:housenumber": null, "addr:city": null, "addr:postcode": null }, "geometry": { "type": "Point", "coordinates": [ -117.1747445, 32.8196812 ] } },
{ "type": "Feature", "properties": { "element": "node", "id": 1257266321, "name": "Bombay Bazaar", "shop": "convenience", "brand": null, "operator": null, "addr:street": null, "addr:housenumber": null, "addr:city": null, "addr:postcode": null }, "geometry": { "type": "Point", "coordinates": [ -117.1239743, 32.8954164 ] } },
{ "type": "Feature", "properties": { "element": "node", "id": 1269940019, "name": "Five and Dime General Store", "shop": "convenience", "brand": null, "operator": null, "addr:street": "San Diego Avenue", "addr:housenumber": "2501", "addr:city": null, "addr:postcode": null }, "geometry": { "type": "Point", "coordinates": [ -117.195097100000012, 32.752731799999985 ] } },
{ "type": "Feature", "properties": { "element": "node", "id": 1351020578, "name": null, "shop": "convenience", "brand": null, "operator": null, "addr:street": null, "addr:housenumber": null, "addr:city": null, "addr:postcode": null }, "geometry": { "type": "Point", "coordinates": [ -117.2051439, 32.8549645 ] } },
{ "type": "Feature", "properties": { "element": "node", "id": 1445215680, "name": null, "shop": "convenience", "brand": null, "operator": null, "addr:street": null, "addr:housenumber": null, "addr:city": null, "addr:postcode": null }, "geometry": { "type": "Point", "coordinates": [ -117.2042009, 32.8550399 ] } },
{ "type": "Feature", "properties": { "element": "node", "id": 1451194434, "name": "H Mart", "shop": "supermarket", "brand": "H Mart", "operator": null, "addr:street": "Mira Mesa Boulevard", "addr:housenumber": "9440", "addr:city": "San Diego", "addr:postcode": "92126" }, "geometry": { "type": "Point", "coordinates": [ -117.1223639, 32.9187594 ] } },
{ "type": "Feature", "properties": { "element": "node", "id": 1499580747, "name": "Quality Market Liquor", "shop": "convenience", "brand": null, "operator": null, "addr:street": "Madison Avenue", "addr:housenumber": "2329", "addr:city": null, "addr:postcode": null }, "geometry": { "type": "Point", "coordinates": [ -117.1393354, 32.7608408 ] } },
{ "type": "Feature", "properties": { "element": "node", "id": 1616177857, "name": "Aztec Market & Convenience Store", "shop": "convenience", "brand": null, "operator": null, "addr:street": null, "addr:housenumber": null, "addr:city": null, "addr:postcode": null }, "geometry": { "type": "Point", "coordinates": [ -117.0739338, 32.7761963 ] } },
{ "type": "Feature", "properties": { "element": "node", "id": 1743950592, "name": "Circle K", "shop": "convenience", "brand": "Circle K", "operator": null, "addr:street": null, "addr:housenumber": null, "addr:city": "San Diego", "addr:postcode": null }, "geometry": { "type": "Point", "coordinates": [ -117.0748087, 33.0232626 ] } },
{ "type": "Feature", "properties": { "element": "node", "id": 1743954601, "name": "Shell", "shop": "convenience", "brand": "Shell", "operator": null, "addr:street": null, "addr:housenumber": null, "addr:city": null, "addr:postcode": null }, "geometry": { "type": "Point", "coordinates": [ -117.060489, 33.0183236 ] } },
{ "type": "Feature", "properties": { "element": "node", "id": 1834875846, "name": "Shell Food Mart", "shop": "convenience", "brand": null, "operator": null, "addr:street": null, "addr:housenumber": null, "addr:city": null, "addr:postcode": null }, "geometry": { "type": "Point", "coordinates": [ -117.1620333, 32.7503154 ] } },
{ "type": "Feature", "properties": { "element": "node", "id": 1834884861, "name": "Hills Wine and Spirits", "shop": "convenience", "brand": null, "operator": null, "addr:street": null, "addr:housenumber": null, "addr:city": null, "addr:postcode": null }, "geometry": { "type": "Point", "coordinates": [ -117.169179, 32.7496545 ] } },
{ "type": "Feature", "properties": { "element": "node", "id": 1884458542, "name": "Balboa International Market", "shop": "supermarket", "brand": null, "operator": null, "addr:street": "Balboa Avenue", "addr:housenumber": "5905", "addr:city": null, "addr:postcode": "92111" }, "geometry": { "type": "Point", "coordinates": [ -117.178004900000019, 32.8189215 ] } },
{ "type": "Feature", "properties": { "element": "node", "id": 1912313370, "name": "Market at Seventh College", "shop": "supermarket", "brand": null, "operator": null, "addr:street": null, "addr:housenumber": null, "addr:city": null, "addr:postcode": null }, "geometry": { "type": "Point", "coordinates": [ -117.242098, 32.8875979 ] } },
{ "type": "Feature", "properties": { "element": "node", "id": 1974494879, "name": "Trader Joe's", "shop": "supermarket", "brand": "Trader Joe's", "operator": null, "addr:street": "University Avenue", "addr:housenumber": "1090", "addr:city": "San Diego", "addr:postcode": "92103" }, "geometry": { "type": "Point", "coordinates": [ -117.1539752, 32.74976 ] } },
{ "type": "Feature", "properties": { "element": "node", "id": 1974497233, "name": "Whole Foods Market", "shop": "supermarket", "brand": "Whole Foods Market", "operator": null, "addr:street": "University Avenue", "addr:housenumber": "711", "addr:city": "San Diego", "addr:postcode": "92103" }, "geometry": { "type": "Point", "coordinates": [ -117.158098900000013, 32.7481447 ] } },
{ "type": "Feature", "properties": { "element": "node", "id": 2049031818, "name": "7-Eleven", "shop": "convenience", "brand": "7-Eleven", "operator": null, "addr:street": "West C Street", "addr:housenumber": "555", "addr:city": "San Diego", "addr:postcode": "92101-8470" }, "geometry": { "type": "Point", "coordinates": [ -117.1681108, 32.7165752 ] } },
{ "type": "Feature", "properties": { "element": "node", "id": 2108763830, "name": "Mega Dollar", "shop": "convenience", "brand": null, "operator": null, "addr:street": null, "addr:housenumber": null, "addr:city": null, "addr:postcode": null }, "geometry": { "type": "Point", "coordinates": [ -117.116380800000016, 32.7631732 ] } },
{ "type": "Feature", "properties": { "element": "node", "id": 2247292250, "name": "7-Eleven", "shop": "convenience", "brand": "7-Eleven", "operator": null, "addr:street": "Sabre Springs Parkway", "addr:housenumber": "13510", "addr:city": "San Diego", "addr:postcode": "92128" }, "geometry": { "type": "Point", "coordinates": [ -117.09203, 32.9624567 ] } },
{ "type": "Feature", "properties": { "element": "node", "id": 2429753714, "name": "Stehly Farms Market", "shop": "supermarket", "brand": null, "operator": null, "addr:street": null, "addr:housenumber": null, "addr:city": null, "addr:postcode": null }, "geometry": { "type": "Point", "coordinates": [ -117.2016863, 32.7714723 ] } },
{ "type": "Feature", "properties": { "element": "node", "id": 2524937426, "name": "7-Eleven", "shop": "convenience", "brand": "7-Eleven", "operator": null, "addr:street": "Genesee Avenue", "addr:housenumber": "4091", "addr:city": "San Diego", "addr:postcode": "92111-3017" }, "geometry": { "type": "Point", "coordinates": [ -117.1802187, 32.8172289 ] } },
{ "type": "Feature", "properties": { "element": "node", "id": 2620560321, "name": "La Tiendita", "shop": "supermarket", "brand": null, "operator": null, "addr:street": null, "addr:housenumber": null, "addr:city": null, "addr:postcode": null }, "geometry": { "type": "Point", "coordinates": [ -117.2052704, 32.8274466 ] } },
{ "type": "Feature", "properties": { "element": "node", "id": 2658407058, "name": "Nijiya Market", "shop": "supermarket", "brand": null, "operator": null, "addr:street": "Convoy Street", "addr:housenumber": "3860", "addr:city": "San Diego", "addr:postcode": "92111" }, "geometry": { "type": "Point", "coordinates": [ -117.1539803, 32.8142761 ] } },
{ "type": "Feature", "properties": { "element": "node", "id": 2699515567, "name": "Ralphs", "shop": "supermarket", "brand": "Ralphs", "operator": null, "addr:street": "Rosecrans Street", "addr:housenumber": "1666", "addr:city": "San Diego", "addr:postcode": "92106" }, "geometry": { "type": "Point", "coordinates": [ -117.226322, 32.7285191 ] } },
{ "type": "Feature", "properties": { "element": "node", "id": 3023778053, "name": "Sprouts Farmers Market", "shop": "supermarket", "brand": "Sprouts Farmers Market", "operator": null, "addr:street": null, "addr:housenumber": null, "addr:city": "San Diego", "addr:postcode": "92110" }, "geometry": { "type": "Point", "coordinates": [ -117.20661, 32.7476029 ] } },
{ "type": "Feature", "properties": { "element": "node", "id": 3046966112, "name": "The Kebab Shop", "shop": "supermarket", "brand": null, "operator": null, "addr:street": "Mira Mesa Boulevard", "addr:housenumber": "9450", "addr:city": "San Diego", "addr:postcode": "92126" }, "geometry": { "type": "Point", "coordinates": [ -117.1215733, 32.9190676 ] } },
{ "type": "Feature", "properties": { "element": "node", "id": 3298795387, "name": "Aztec Market & Convenience Store", "shop": "convenience", "brand": null, "operator": null, "addr:street": null, "addr:housenumber": null, "addr:city": null, "addr:postcode": null }, "geometry": { "type": "Point", "coordinates": [ -117.0703566, 32.7756598 ] } },
{ "type": "Feature", "properties": { "element": "node", "id": 3329381630, "name": "Aztec Market & Convenience Store", "shop": "supermarket", "brand": null, "operator": "Aztec Shops", "addr:street": "Aztec Walk East", "addr:housenumber": "6090", "addr:city": "San Diego", "addr:postcode": "92115" }, "geometry": { "type": "Point", "coordinates": [ -117.068036, 32.7724615 ] } },
{ "type": "Feature", "properties": { "element": "node", "id": 3384976129, "name": "John's Place and Market", "shop": "convenience", "brand": null, "operator": null, "addr:street": null, "addr:housenumber": null, "addr:city": null, "addr:postcode": null }, "geometry": { "type": "Point", "coordinates": [ -117.2424181, 32.8784043 ] } },
{ "type": "Feature", "properties": { "element": "node", "id": 3384976134, "name": "Roger's Place and Market", "shop": "convenience", "brand": null, "operator": null, "addr:street": null, "addr:housenumber": null, "addr:city": null, "addr:postcode": null }, "geometry": { "type": "Point", "coordinates": [ -117.2422571, 32.8745838 ] } },
{ "type": "Feature", "properties": { "element": "node", "id": 3540328000, "name": null, "shop": "convenience", "brand": null, "operator": null, "addr:street": null, "addr:housenumber": null, "addr:city": null, "addr:postcode": null }, "geometry": { "type": "Point", "coordinates": [ -117.202880900000011, 32.7908252 ] } },
{ "type": "Feature", "properties": { "element": "node", "id": 3666673309, "name": "7-Eleven", "shop": "convenience", "brand": "7-Eleven", "operator": null, "addr:street": "5th Avenue", "addr:housenumber": "1007", "addr:city": "San Diego", "addr:postcode": "92101-5126" }, "geometry": { "type": "Point", "coordinates": [ -117.159969600000011, 32.7158579 ] } },
{ "type": "Feature", "properties": { "element": "node", "id": 3762163538, "name": "Crossroads Marketplace", "shop": "convenience", "brand": null, "operator": null, "addr:street": null, "addr:housenumber": null, "addr:city": null, "addr:postcode": null }, "geometry": { "type": "Point", "coordinates": [ -117.202638100000016, 32.87268370000001 ] } },
{ "type": "Feature", "properties": { "element": "node", "id": 3790907971, "name": "7-Eleven", "shop": "convenience", "brand": "7-Eleven", "operator": null, "addr:street": "Midway Drive", "addr:housenumber": "2387", "addr:city": "San Diego", "addr:postcode": "92110" }, "geometry": { "type": "Point", "coordinates": [ -117.200168, 32.7449491 ] } },
{ "type": "Feature", "properties": { "element": "node", "id": 3858275259, "name": null, "shop": "convenience", "brand": null, "operator": null, "addr:street": null, "addr:housenumber": null, "addr:city": null, "addr:postcode": null }, "geometry": { "type": "Point", "coordinates": [ -117.170708100000013, 32.7863312 ] } },
{ "type": "Feature", "properties": { "element": "node", "id": 3884002233, "name": "The Market By Buon Appetito", "shop": "supermarket", "brand": null, "operator": null, "addr:street": null, "addr:housenumber": null, "addr:city": null, "addr:postcode": null }, "geometry": { "type": "Point", "coordinates": [ -117.168029799999985, 32.7222755 ] } },
{ "type": "Feature", "properties": { "element": "node", "id": 3884039864, "name": "Little Brazil Market", "shop": "supermarket", "brand": null, "operator": null, "addr:street": null, "addr:housenumber": null, "addr:city": null, "addr:postcode": null }, "geometry": { "type": "Point", "coordinates": [ -117.168916900000013, 32.7258822 ] } },
{ "type": "Feature", "properties": { "element": "node", "id": 3884045602, "name": "Assenti's Pasta", "shop": "supermarket", "brand": null, "operator": null, "addr:street": "India Street", "addr:housenumber": "2044", "addr:city": "San Diego", "addr:postcode": "92101" }, "geometry": { "type": "Point", "coordinates": [ -117.169417700000011, 32.7259433 ] } },
{ "type": "Feature", "properties": { "element": "node", "id": 3898009494, "name": null, "shop": "convenience", "brand": null, "operator": null, "addr:street": null, "addr:housenumber": null, "addr:city": null, "addr:postcode": null }, "geometry": { "type": "Point", "coordinates": [ -116.996265200000011, 32.5675985 ] } },
{ "type": "Feature", "properties": { "element": "node", "id": 4012148245, "name": "7-Eleven", "shop": "convenience", "brand": "7-Eleven", "operator": null, "addr:street": "Mission Gorge Road", "addr:housenumber": "5829", "addr:city": "San Diego", "addr:postcode": "92120" }, "geometry": { "type": "Point", "coordinates": [ -117.1007609, 32.7815633 ] } },
{ "type": "Feature", "properties": { "element": "node", "id": 4114885191, "name": "Albertsons", "shop": "supermarket", "brand": "Albertsons", "operator": null, "addr:street": "14th Street", "addr:housenumber": "655", "addr:city": "San Diego", "addr:postcode": "92101" }, "geometry": { "type": "Point", "coordinates": [ -117.1515165, 32.7117165 ] } },
{ "type": "Feature", "properties": { "element": "node", "id": 4415923423, "name": "Mission Square Market", "shop": "convenience", "brand": null, "operator": null, "addr:street": null, "addr:housenumber": null, "addr:city": null, "addr:postcode": null }, "geometry": { "type": "Point", "coordinates": [ -117.0970838, 32.7871722 ] } },
{ "type": "Feature", "properties": { "element": "node", "id": 4456900608, "name": "7-Eleven", "shop": "convenience", "brand": "7-Eleven", "operator": null, "addr:street": "Waring Road", "addr:housenumber": "5102", "addr:city": "San Diego", "addr:postcode": "92120" }, "geometry": { "type": "Point", "coordinates": [ -117.082635, 32.79126789999998 ] } },
{ "type": "Feature", "properties": { "element": "node", "id": 5003536335, "name": "7-Eleven", "shop": "convenience", "brand": "7-Eleven", "operator": null, "addr:street": "9th Avenue", "addr:housenumber": "417", "addr:city": "San Diego", "addr:postcode": "92101" }, "geometry": { "type": "Point", "coordinates": [ -117.1563268, 32.7095822 ] } },
{ "type": "Feature", "properties": { "element": "node", "id": 5026708470, "name": "Food Bargain Market", "shop": "supermarket", "brand": null, "operator": null, "addr:street": null, "addr:housenumber": null, "addr:city": null, "addr:postcode": null }, "geometry": { "type": "Point", "coordinates": [ -117.063034, 32.709523 ] } },
{ "type": "Feature", "properties": { "element": "node", "id": 5029882879, "name": "Food 4 Less", "shop": "supermarket", "brand": "Food 4 Less", "operator": null, "addr:street": "Euclid Avenue", "addr:housenumber": "310", "addr:city": "San Diego", "addr:postcode": "92102" }, "geometry": { "type": "Point", "coordinates": [ -117.085983, 32.7081744 ] } },
{ "type": "Feature", "properties": { "element": "node", "id": 5308878315, "name": "Purple Cow", "shop": "convenience", "brand": null, "operator": null, "addr:street": null, "addr:housenumber": null, "addr:city": null, "addr:postcode": null }, "geometry": { "type": "Point", "coordinates": [ -117.0846115, 32.573092 ] } },
{ "type": "Feature", "properties": { "element": "node", "id": 5335879547, "name": "Trader Joe's", "shop": "supermarket", "brand": "Trader Joe's", "operator": null, "addr:street": "South Campus Plaza", "addr:housenumber": "SDSU", "addr:city": "San Diego", "addr:postcode": "92115" }, "geometry": { "type": "Point", "coordinates": [ -117.070301, 32.771791199999988 ] } },
{ "type": "Feature", "properties": { "element": "node", "id": 5430484522, "name": "Baron’s Market", "shop": "supermarket", "brand": null, "operator": null, "addr:street": "University Avenue", "addr:housenumber": "3231", "addr:city": "San Diego", "addr:postcode": "92104" }, "geometry": { "type": "Point", "coordinates": [ -117.124221, 32.7483744 ] } },
{ "type": "Feature", "properties": { "element": "node", "id": 5442326329, "name": "Express Market", "shop": "convenience", "brand": null, "operator": null, "addr:street": "University Avenue", "addr:housenumber": "2543", "addr:city": null, "addr:postcode": null }, "geometry": { "type": "Point", "coordinates": [ -117.136962, 32.7483499 ] } },
{ "type": "Feature", "properties": { "element": "node", "id": 5646055731, "name": "Trader Joe's", "shop": "supermarket", "brand": "Trader Joe's", "operator": null, "addr:street": "Camino del Rio North", "addr:housenumber": "1072", "addr:city": "San Diego", "addr:postcode": "92108" }, "geometry": { "type": "Point", "coordinates": [ -117.155229899999981, 32.7661721 ] } },
{ "type": "Feature", "properties": { "element": "node", "id": 5733058545, "name": "Apple Tree Supermarket", "shop": "supermarket", "brand": null, "operator": null, "addr:street": null, "addr:housenumber": null, "addr:city": null, "addr:postcode": null }, "geometry": { "type": "Point", "coordinates": [ -117.250436, 32.7466896 ] } },
{ "type": "Feature", "properties": { "element": "node", "id": 5746612577, "name": "Olive Tree Market", "shop": "supermarket", "brand": null, "operator": null, "addr:street": "Narragansett Avenue", "addr:housenumber": "4805", "addr:city": "San Diego", "addr:postcode": "92017" }, "geometry": { "type": "Point", "coordinates": [ -117.2493095, 32.7429768 ] } },
{ "type": "Feature", "properties": { "element": "node", "id": 5831137283, "name": "7-Eleven", "shop": "convenience", "brand": "7-Eleven", "operator": null, "addr:street": "6th Avenue", "addr:housenumber": "1631", "addr:city": "San Diego", "addr:postcode": "92101-2706" }, "geometry": { "type": "Point", "coordinates": [ -117.1591711, 32.7220905 ] } },
{ "type": "Feature", "properties": { "element": "node", "id": 5837049558, "name": "West Cedar Market", "shop": "convenience", "brand": null, "operator": null, "addr:street": null, "addr:housenumber": null, "addr:city": null, "addr:postcode": null }, "geometry": { "type": "Point", "coordinates": [ -117.1668427, 32.7220944 ] } },
{ "type": "Feature", "properties": { "element": "node", "id": 5866470188, "name": "Sprouts Farmers Market", "shop": "supermarket", "brand": "Sprouts Farmers Market", "operator": null, "addr:street": "Paseo del Sur", "addr:housenumber": "16415", "addr:city": "San Diego", "addr:postcode": "92127" }, "geometry": { "type": "Point", "coordinates": [ -117.123378300000013, 33.0198021 ] } },
{ "type": "Feature", "properties": { "element": "node", "id": 5889574023, "name": null, "shop": "convenience", "brand": null, "operator": null, "addr:street": null, "addr:housenumber": null, "addr:city": null, "addr:postcode": null }, "geometry": { "type": "Point", "coordinates": [ -117.0393558, 32.5518471 ] } },
{ "type": "Feature", "properties": { "element": "node", "id": 5893619088, "name": "7-Eleven", "shop": "convenience", "brand": "7-Eleven", "operator": null, "addr:street": "Palm Avenue", "addr:housenumber": "3295", "addr:city": "San Diego", "addr:postcode": "92154" }, "geometry": { "type": "Point", "coordinates": [ -117.0624, 32.58338830000001 ] } },
{ "type": "Feature", "properties": { "element": "node", "id": 6083877875, "name": "Palomar Market", "shop": "convenience", "brand": null, "operator": null, "addr:street": null, "addr:housenumber": null, "addr:city": null, "addr:postcode": null }, "geometry": { "type": "Point", "coordinates": [ -117.1815169, 32.7433202 ] } },
{ "type": "Feature", "properties": { "element": "node", "id": 6119560491, "name": "Trader Joe's", "shop": "supermarket", "brand": "Trader Joe's", "operator": null, "addr:street": "Garnet Avenue", "addr:housenumber": "1640", "addr:city": "San Diego", "addr:postcode": "92109" }, "geometry": { "type": "Point", "coordinates": [ -117.240676, 32.8008673 ] } },
{ "type": "Feature", "properties": { "element": "node", "id": 6148511998, "name": "Grocery Outlet", "shop": "supermarket", "brand": "Grocery Outlet", "operator": null, "addr:street": "Waring Road", "addr:housenumber": "5185", "addr:city": "San Diego", "addr:postcode": "92120" }, "geometry": { "type": "Point", "coordinates": [ -117.0804109, 32.7917039 ] } },
{ "type": "Feature", "properties": { "element": "node", "id": 6401251741, "name": "7-Eleven", "shop": "convenience", "brand": "7-Eleven", "operator": null, "addr:street": null, "addr:housenumber": null, "addr:city": null, "addr:postcode": null }, "geometry": { "type": "Point", "coordinates": [ -117.1218656, 32.8076496 ] } },
{ "type": "Feature", "properties": { "element": "node", "id": 6407789699, "name": "Little Sam’s Market", "shop": "convenience", "brand": null, "operator": null, "addr:street": null, "addr:housenumber": null, "addr:city": null, "addr:postcode": null }, "geometry": { "type": "Point", "coordinates": [ -117.2527663, 32.783729200000018 ] } },
{ "type": "Feature", "properties": { "element": "node", "id": 6469345185, "name": "Barons Market", "shop": "supermarket", "brand": null, "operator": null, "addr:street": null, "addr:housenumber": null, "addr:city": null, "addr:postcode": null }, "geometry": { "type": "Point", "coordinates": [ -117.0757598, 33.0237585 ] } },
{ "type": "Feature", "properties": { "element": "node", "id": 6558365500, "name": "Primo Market", "shop": "supermarket", "brand": null, "operator": null, "addr:street": null, "addr:housenumber": null, "addr:city": null, "addr:postcode": null }, "geometry": { "type": "Point", "coordinates": [ -117.098600499999989, 32.8390419 ] } },
{ "type": "Feature", "properties": { "element": "node", "id": 6558446945, "name": null, "shop": "convenience", "brand": null, "operator": null, "addr:street": null, "addr:housenumber": null, "addr:city": null, "addr:postcode": null }, "geometry": { "type": "Point", "coordinates": [ -117.098129499999985, 32.839483199999989 ] } },
{ "type": "Feature", "properties": { "element": "node", "id": 6653630198, "name": "7-Eleven", "shop": "convenience", "brand": "7-Eleven", "operator": null, "addr:street": null, "addr:housenumber": null, "addr:city": null, "addr:postcode": null }, "geometry": { "type": "Point", "coordinates": [ -117.0985305, 32.8212148 ] } },
{ "type": "Feature", "properties": { "element": "node", "id": 6754101358, "name": "Vons", "shop": "supermarket", "brand": "Vons", "operator": null, "addr:street": "Murphy Canyon Drive", "addr:housenumber": "3550", "addr:city": "San Diego", "addr:postcode": "92123" }, "geometry": { "type": "Point", "coordinates": [ -117.1165674, 32.8072662 ] } },
{ "type": "Feature", "properties": { "element": "node", "id": 6781887349, "name": "Island Market", "shop": "convenience", "brand": null, "operator": null, "addr:street": null, "addr:housenumber": null, "addr:city": null, "addr:postcode": null }, "geometry": { "type": "Point", "coordinates": [ -117.2388504, 32.7751818 ] } },
{ "type": "Feature", "properties": { "element": "node", "id": 6786403113, "name": "Smart & Final", "shop": "supermarket", "brand": "Smart & Final", "operator": null, "addr:street": "Tierrasanta Blvd", "addr:housenumber": "10633", "addr:city": "San Diego", "addr:postcode": "92124" }, "geometry": { "type": "Point", "coordinates": [ -117.1010455, 32.8210907 ] } },
{ "type": "Feature", "properties": { "element": "node", "id": 6835625652, "name": "7-Eleven", "shop": "convenience", "brand": "7-Eleven", "operator": null, "addr:street": "Sports Arena Boulevard", "addr:housenumber": "3146", "addr:city": "San Diego", "addr:postcode": "92110-4527" }, "geometry": { "type": "Point", "coordinates": [ -117.205777600000019, 32.7525502 ] } },
{ "type": "Feature", "properties": { "element": "node", "id": 6899520585, "name": "Grocery Outlet", "shop": "supermarket", "brand": "Grocery Outlet", "operator": null, "addr:street": "54th Street", "addr:housenumber": "4360", "addr:city": "San Diego", "addr:postcode": "92115" }, "geometry": { "type": "Point", "coordinates": [ -117.0801171, 32.7566327 ] } },
{ "type": "Feature", "properties": { "element": "node", "id": 6925203251, "name": "7-Eleven", "shop": "convenience", "brand": "7-Eleven", "operator": null, "addr:street": "09th Ave", "addr:housenumber": "406", "addr:city": "San Diego", "addr:postcode": null }, "geometry": { "type": "Point", "coordinates": [ -117.1567978, 32.7095267 ] } },
{ "type": "Feature", "properties": { "element": "node", "id": 7044749990, "name": null, "shop": "convenience", "brand": null, "operator": null, "addr:street": null, "addr:housenumber": null, "addr:city": null, "addr:postcode": null }, "geometry": { "type": "Point", "coordinates": [ -117.0844588, 32.5761743 ] } },
{ "type": "Feature", "properties": { "element": "node", "id": 7044749991, "name": "24 Hr Food Mart", "shop": "convenience", "brand": null, "operator": null, "addr:street": "Coronado Avenue", "addr:housenumber": "2290", "addr:city": "San Diego", "addr:postcode": "92154" }, "geometry": { "type": "Point", "coordinates": [ -117.084559699999986, 32.5768253 ] } },
{ "type": "Feature", "properties": { "element": "node", "id": 7131809571, "name": "Muang Lao Market", "shop": "supermarket", "brand": null, "operator": null, "addr:street": "Market Street", "addr:housenumber": "4704", "addr:city": "San Diego", "addr:postcode": null }, "geometry": { "type": "Point", "coordinates": [ -117.093320300000016, 32.7120077 ] } },
{ "type": "Feature", "properties": { "element": "node", "id": 7164725391, "name": "Namaste Plaza", "shop": "supermarket", "brand": null, "operator": null, "addr:street": "Mira Mesa Boulevard", "addr:housenumber": "9162", "addr:city": "San Diego", "addr:postcode": "92125" }, "geometry": { "type": "Point", "coordinates": [ -117.1268725, 32.9179812 ] } },
{ "type": "Feature", "properties": { "element": "node", "id": 7223738145, "name": "7-Eleven", "shop": "convenience", "brand": "7-Eleven", "operator": null, "addr:street": "Balboa Avenue", "addr:housenumber": "7807", "addr:city": "San Diego", "addr:postcode": "92111" }, "geometry": { "type": "Point", "coordinates": [ -117.15455350000002, 32.821291 ] } },
{ "type": "Feature", "properties": { "element": "node", "id": 7295000877, "name": "El Super", "shop": "supermarket", "brand": "El Super", "operator": null, "addr:street": "University Avenue", "addr:housenumber": "4421", "addr:city": "San Diego", "addr:postcode": null }, "geometry": { "type": "Point", "coordinates": [ -117.0995064, 32.7487518 ] } },
{ "type": "Feature", "properties": { "element": "node", "id": 7397354273, "name": "Baja Market", "shop": "supermarket", "brand": null, "operator": null, "addr:street": "Dairy Mart Road", "addr:housenumber": "2004", "addr:city": "San Ysidro", "addr:postcode": "92173" }, "geometry": { "type": "Point", "coordinates": [ -117.0630613, 32.5616657 ] } },
{ "type": "Feature", "properties": { "element": "node", "id": 7708999678, "name": "7-Eleven", "shop": "convenience", "brand": "7-Eleven", "operator": null, "addr:street": "Clairemont Mesa Boulevard", "addr:housenumber": "9187", "addr:city": "San Diego", "addr:postcode": "92123-1209" }, "geometry": { "type": "Point", "coordinates": [ -117.131314, 32.8308183 ] } },
{ "type": "Feature", "properties": { "element": "node", "id": 7712188719, "name": "ALDI", "shop": "supermarket", "brand": "ALDI", "operator": null, "addr:street": "Mira Mesa Boulevard", "addr:housenumber": "6755", "addr:city": "San Diego", "addr:postcode": "92121-4311" }, "geometry": { "type": "Point", "coordinates": [ -117.1725729, 32.906059 ] } },
{ "type": "Feature", "properties": { "element": "node", "id": 7732654091, "name": "ampm", "shop": "convenience", "brand": "ampm", "operator": null, "addr:street": null, "addr:housenumber": null, "addr:city": null, "addr:postcode": null }, "geometry": { "type": "Point", "coordinates": [ -117.13780269999998, 32.8319139 ] } },
{ "type": "Feature", "properties": { "element": "node", "id": 8086670569, "name": null, "shop": "convenience", "brand": null, "operator": null, "addr:street": null, "addr:housenumber": null, "addr:city": null, "addr:postcode": null }, "geometry": { "type": "Point", "coordinates": [ -117.240176300000016, 32.9335067 ] } },
{ "type": "Feature", "properties": { "element": "node", "id": 8462604274, "name": "Sixth Market", "shop": "convenience", "brand": null, "operator": null, "addr:street": null, "addr:housenumber": null, "addr:city": null, "addr:postcode": null }, "geometry": { "type": "Point", "coordinates": [ -117.242198800000011, 32.8800954 ] } },
{ "type": "Feature", "properties": { "element": "node", "id": 8624227476, "name": "ALDI", "shop": "supermarket", "brand": "ALDI", "operator": null, "addr:street": "Navajo Road", "addr:housenumber": "8788", "addr:city": "San Diego", "addr:postcode": "92119-2722" }, "geometry": { "type": "Point", "coordinates": [ -117.007748600000014, 32.804179 ] } },
{ "type": "Feature", "properties": { "element": "node", "id": 8644574603, "name": "Smart & Final", "shop": "supermarket", "brand": "Smart & Final", "operator": null, "addr:street": null, "addr:housenumber": null, "addr:city": null, "addr:postcode": null }, "geometry": { "type": "Point", "coordinates": [ -117.0635731, 32.7624754 ] } },
{ "type": "Feature", "properties": { "element": "node", "id": 8825811292, "name": "Grocery Outlet", "shop": "supermarket", "brand": "Grocery Outlet", "operator": null, "addr:street": "Market Street", "addr:housenumber": "1002", "addr:city": "San Diego", "addr:postcode": "92101" }, "geometry": { "type": "Point", "coordinates": [ -117.154996, 32.7118342 ] } },
{ "type": "Feature", "properties": { "element": "node", "id": 8873711079, "name": "Jimbo's", "shop": "supermarket", "brand": null, "operator": null, "addr:street": "El Camino Real", "addr:housenumber": "12841", "addr:city": "San Diego", "addr:postcode": "92130" }, "geometry": { "type": "Point", "coordinates": [ -117.2337859, 32.9499006 ] } },
{ "type": "Feature", "properties": { "element": "node", "id": 9178121122, "name": "Speedway", "shop": "convenience", "brand": "Speedway", "operator": null, "addr:street": "University Avenue", "addr:housenumber": "3255", "addr:city": "San Diego", "addr:postcode": "92104" }, "geometry": { "type": "Point", "coordinates": [ -117.123526200000015, 32.748175 ] } },
{ "type": "Feature", "properties": { "element": "node", "id": 9215079093, "name": "7-Eleven", "shop": "convenience", "brand": "7-Eleven", "operator": null, "addr:street": "4th Avenue", "addr:housenumber": "711", "addr:city": "San Diego", "addr:postcode": "92101" }, "geometry": { "type": "Point", "coordinates": [ -117.1609054, 32.7126956 ] } },
{ "type": "Feature", "properties": { "element": "node", "id": 9215079109, "name": "The Emergency Room", "shop": "convenience", "brand": null, "operator": null, "addr:street": "4th Avenue", "addr:housenumber": "538", "addr:city": "San Diego", "addr:postcode": "92101" }, "geometry": { "type": "Point", "coordinates": [ -117.1612225, 32.7109242 ] } },
{ "type": "Feature", "properties": { "element": "node", "id": 9215198612, "name": "Ciné Café", "shop": "convenience", "brand": null, "operator": null, "addr:street": "K Street", "addr:housenumber": "412", "addr:city": "San Diego", "addr:postcode": "92101" }, "geometry": { "type": "Point", "coordinates": [ -117.16070950000001, 32.7084636 ] } },
{ "type": "Feature", "properties": { "element": "node", "id": 9215210421, "name": "7-Eleven", "shop": "convenience", "brand": "7-Eleven", "operator": null, "addr:street": "5th Avenue", "addr:housenumber": "515", "addr:city": "San Diego", "addr:postcode": "92101" }, "geometry": { "type": "Point", "coordinates": [ -117.159967200000011, 32.7107254 ] } },
{ "type": "Feature", "properties": { "element": "node", "id": 9215210449, "name": "7-Eleven", "shop": "convenience", "brand": "7-Eleven", "operator": null, "addr:street": "Park Boulevard", "addr:housenumber": "222", "addr:city": "San Diego", "addr:postcode": "92101" }, "geometry": { "type": "Point", "coordinates": [ -117.15458240000001, 32.7080539 ] } },
{ "type": "Feature", "properties": { "element": "node", "id": 9426502677, "name": "Sprouts Farmers Market", "shop": "supermarket", "brand": "Sprouts Farmers Market", "operator": null, "addr:street": "Bernardo Heights Parkway", "addr:housenumber": "15727", "addr:city": "San Diego", "addr:postcode": "92128" }, "geometry": { "type": "Point", "coordinates": [ -117.0583989, 33.0034502 ] } },
{ "type": "Feature", "properties": { "element": "node", "id": 9443729767, "name": "Noil Mart", "shop": "convenience", "brand": null, "operator": null, "addr:street": "Cactus Road", "addr:housenumber": "1605", "addr:city": "San Diego", "addr:postcode": "92154" }, "geometry": { "type": "Point", "coordinates": [ -116.987588400000021, 32.5676318 ] } },
{ "type": "Feature", "properties": { "element": "node", "id": 9485187846, "name": null, "shop": "convenience", "brand": null, "operator": null, "addr:street": null, "addr:housenumber": null, "addr:city": null, "addr:postcode": null }, "geometry": { "type": "Point", "coordinates": [ -117.1540992, 32.7163383 ] } },
{ "type": "Feature", "properties": { "element": "node", "id": 9503792526, "name": "Stars & Stripes Mart", "shop": "convenience", "brand": null, "operator": null, "addr:street": "Shelter Island Drive", "addr:housenumber": "2907", "addr:city": "San Diego", "addr:postcode": "92106" }, "geometry": { "type": "Point", "coordinates": [ -117.2304919, 32.721626 ] } },
{ "type": "Feature", "properties": { "element": "node", "id": 9518750253, "name": "A-Mart", "shop": "convenience", "brand": null, "operator": null, "addr:street": null, "addr:housenumber": null, "addr:city": null, "addr:postcode": null }, "geometry": { "type": "Point", "coordinates": [ -117.199488, 32.7551789 ] } },
{ "type": "Feature", "properties": { "element": "node", "id": 9556571173, "name": "7-Eleven", "shop": "convenience", "brand": "7-Eleven", "operator": null, "addr:street": "University Avenue", "addr:housenumber": "4350", "addr:city": "San Diego", "addr:postcode": "92105" }, "geometry": { "type": "Point", "coordinates": [ -117.1004428, 32.7497759 ] } },
{ "type": "Feature", "properties": { "element": "node", "id": 9836710198, "name": "7-Eleven", "shop": "convenience", "brand": "7-Eleven", "operator": null, "addr:street": "El Cajon Boulevard", "addr:housenumber": "3504", "addr:city": "San Diego", "addr:postcode": "92104" }, "geometry": { "type": "Point", "coordinates": [ -117.117794299999986, 32.755454 ] } },
{ "type": "Feature", "properties": { "element": "node", "id": 9860993569, "name": "Circle K", "shop": "convenience", "brand": "Circle K", "operator": null, "addr:street": null, "addr:housenumber": null, "addr:city": null, "addr:postcode": null }, "geometry": { "type": "Point", "coordinates": [ -117.1003107, 32.9368987 ] } },
{ "type": "Feature", "properties": { "element": "node", "id": 9898778429, "name": "Amart", "shop": "convenience", "brand": null, "operator": null, "addr:street": null, "addr:housenumber": null, "addr:city": null, "addr:postcode": null }, "geometry": { "type": "Point", "coordinates": [ -117.1535184, 32.70558410000001 ] } },
{ "type": "Feature", "properties": { "element": "node", "id": 9917587403, "name": "Prospect Market", "shop": "convenience", "brand": null, "operator": null, "addr:street": null, "addr:housenumber": null, "addr:city": null, "addr:postcode": null }, "geometry": { "type": "Point", "coordinates": [ -117.2740247, 32.8481898 ] } },
{ "type": "Feature", "properties": { "element": "node", "id": 10016778038, "name": "El Cortez Gourmet Mart", "shop": "convenience", "brand": null, "operator": null, "addr:street": null, "addr:housenumber": null, "addr:city": null, "addr:postcode": null }, "geometry": { "type": "Point", "coordinates": [ -117.157735099999982, 32.720009 ] } },
{ "type": "Feature", "properties": { "element": "node", "id": 10203749118, "name": "Krisp Beverages + Natural Foods", "shop": "grocery", "brand": null, "operator": null, "addr:street": "7th Avenue", "addr:housenumber": "1036", "addr:city": null, "addr:postcode": "92101" }, "geometry": { "type": "Point", "coordinates": [ -117.1584949, 32.7162024 ] } },
{ "type": "Feature", "properties": { "element": "node", "id": 10904424247, "name": "Commissary", "shop": "supermarket", "brand": null, "operator": null, "addr:street": null, "addr:housenumber": null, "addr:city": null, "addr:postcode": null }, "geometry": { "type": "Point", "coordinates": [ -117.125355, 32.8926447 ] } },
{ "type": "Feature", "properties": { "element": "node", "id": 11173468037, "name": "LiVa Market", "shop": "grocery", "brand": null, "operator": null, "addr:street": "Jamacha Road", "addr:housenumber": "8450", "addr:city": null, "addr:postcode": "92114" }, "geometry": { "type": "Point", "coordinates": [ -117.0265843, 32.7178929 ] } },
{ "type": "Feature", "properties": { "element": "node", "id": 11241367737, "name": "7-Eleven", "shop": "convenience", "brand": "7-Eleven", "operator": null, "addr:street": "Camino De La Plaza", "addr:housenumber": "4410", "addr:city": "San Ysidro", "addr:postcode": "92173" }, "geometry": { "type": "Point", "coordinates": [ -117.039244, 32.5456114 ] } },
{ "type": "Feature", "properties": { "element": "node", "id": 11244467037, "name": "7-Eleven", "shop": "convenience", "brand": "7-Eleven", "operator": null, "addr:street": "East San Ysidro Boulevard", "addr:housenumber": "644", "addr:city": "San Ysidro", "addr:postcode": "92173" }, "geometry": { "type": "Point", "coordinates": [ -117.033796, 32.5469518 ] } },
{ "type": "Feature", "properties": { "element": "node", "id": 11304378749, "name": "Attic Projects", "shop": "supermarket", "brand": null, "operator": null, "addr:street": "Dunbrook Road", "addr:housenumber": "7840", "addr:city": "San Diego", "addr:postcode": "92126" }, "geometry": { "type": "Point", "coordinates": [ -117.152788, 32.8929395 ] } },
{ "type": "Feature", "properties": { "element": "node", "id": 11331066262, "name": null, "shop": "convenience", "brand": null, "operator": null, "addr:street": null, "addr:housenumber": null, "addr:city": null, "addr:postcode": null }, "geometry": { "type": "Point", "coordinates": [ -117.1101762, 32.7548178 ] } },
{ "type": "Feature", "properties": { "element": "node", "id": 11374316388, "name": "Tu Mercado", "shop": "convenience", "brand": null, "operator": null, "addr:street": null, "addr:housenumber": null, "addr:city": null, "addr:postcode": null }, "geometry": { "type": "Point", "coordinates": [ -117.18758560000002, 32.7724919 ] } },
{ "type": "Feature", "properties": { "element": "node", "id": 11388491936, "name": "UTC Market", "shop": "supermarket", "brand": null, "operator": null, "addr:street": null, "addr:housenumber": null, "addr:city": null, "addr:postcode": null }, "geometry": { "type": "Point", "coordinates": [ -117.2176231, 32.8732344 ] } },
{ "type": "Feature", "properties": { "element": "node", "id": 11393087769, "name": "H Mart", "shop": "supermarket", "brand": null, "operator": null, "addr:street": "Balboa Avenue", "addr:housenumber": "7725", "addr:city": null, "addr:postcode": "92111" }, "geometry": { "type": "Point", "coordinates": [ -117.1574004, 32.8208455 ] } },
{ "type": "Feature", "properties": { "element": "node", "id": 11427190319, "name": "Market at the Ranch", "shop": "supermarket", "brand": null, "operator": null, "addr:street": null, "addr:housenumber": null, "addr:city": null, "addr:postcode": null }, "geometry": { "type": "Point", "coordinates": [ -117.0794373, 32.9126577 ] } },
{ "type": "Feature", "properties": { "element": "node", "id": 11439153556, "name": "Stehly Farms Market", "shop": "supermarket", "brand": null, "operator": null, "addr:street": null, "addr:housenumber": null, "addr:city": null, "addr:postcode": null }, "geometry": { "type": "Point", "coordinates": [ -117.1061875, 32.7634168 ] } },
{ "type": "Feature", "properties": { "element": "node", "id": 11607719105, "name": "Pavilions", "shop": "supermarket", "brand": "Pavilions", "operator": null, "addr:street": "West Washington Street", "addr:housenumber": "515", "addr:city": "San Diego", "addr:postcode": "92103" }, "geometry": { "type": "Point", "coordinates": [ -117.168213600000016, 32.749378 ] } },
{ "type": "Feature", "properties": { "element": "node", "id": 11931134501, "name": "Circle K", "shop": "convenience", "brand": "Circle K", "operator": null, "addr:street": null, "addr:housenumber": null, "addr:city": null, "addr:postcode": null }, "geometry": { "type": "Point", "coordinates": [ -117.2486503, 32.9813623 ] } },
{ "type": "Feature", "properties": { "element": "node", "id": 12036663231, "name": "Cuisinery Food Market", "shop": "supermarket", "brand": null, "operator": null, "addr:street": "Miramar Road", "addr:housenumber": "7340", "addr:city": "San Diego", "addr:postcode": "92126" }, "geometry": { "type": "Point", "coordinates": [ -117.155615900000015, 32.8836409 ] } },
{ "type": "Feature", "properties": { "element": "node", "id": 12048716753, "name": "Sprouts Farmers Market", "shop": "supermarket", "brand": "Sprouts Farmers Market", "operator": null, "addr:street": "Mira Mesa Boulevard", "addr:housenumber": "8142", "addr:city": "San Diego", "addr:postcode": "92126" }, "geometry": { "type": "Point", "coordinates": [ -117.148134500000012, 32.9142865 ] } },
{ "type": "Feature", "properties": { "element": "node", "id": 12090694126, "name": "Hub Market & Deli", "shop": "convenience", "brand": null, "operator": null, "addr:street": null, "addr:housenumber": null, "addr:city": null, "addr:postcode": null }, "geometry": { "type": "Point", "coordinates": [ -117.1593945, 32.7132593 ] } },
{ "type": "Feature", "properties": { "element": "node", "id": 12117331859, "name": "Vons", "shop": "supermarket", "brand": "Vons", "operator": null, "addr:street": null, "addr:housenumber": null, "addr:city": null, "addr:postcode": null }, "geometry": { "type": "Point", "coordinates": [ -117.216105900000017, 32.7372005 ] } },
{ "type": "Feature", "properties": { "element": "node", "id": 12177724014, "name": "ampm", "shop": "convenience", "brand": "ampm", "operator": null, "addr:street": "Carroll Centre Road", "addr:housenumber": "9720", "addr:city": "San Diego", "addr:postcode": "92126" }, "geometry": { "type": "Point", "coordinates": [ -117.122384600000018, 32.899373 ] } },
{ "type": "Feature", "properties": { "element": "node", "id": 12239921001, "name": "Starshine Market", "shop": "convenience", "brand": null, "operator": null, "addr:street": null, "addr:housenumber": null, "addr:city": null, "addr:postcode": null }, "geometry": { "type": "Point", "coordinates": [ -117.222610800000012, 32.8358599 ] } },
{ "type": "Feature", "properties": { "element": "node", "id": 12638222386, "name": "Ozols Law Firm | Accident & Injury Attorneys", "shop": "supermarket", "brand": null, "operator": null, "addr:street": "Camino del Rio North", "addr:housenumber": "2020", "addr:city": "San Diego", "addr:postcode": "92108" }, "geometry": { "type": "Point", "coordinates": [ -117.143219, 32.7705011 ] } },
{ "type": "Feature", "properties": { "element": "node", "id": 12656814673, "name": "Grocery Outlet", "shop": "supermarket", "brand": "Grocery Outlet", "operator": null, "addr:street": null, "addr:housenumber": null, "addr:city": null, "addr:postcode": null }, "geometry": { "type": "Point", "coordinates": [ -117.2218513, 32.7554349 ] } },
{ "type": "Feature", "properties": { "element": "node", "id": 12729889101, "name": "Grocery Outlet Mira Mesa", "shop": "supermarket", "brand": null, "operator": null, "addr:street": "Mira Mesa Boulevard", "addr:housenumber": "8145", "addr:city": null, "addr:postcode": "92126" }, "geometry": { "type": "Point", "coordinates": [ -117.1482067, 32.9112024 ] } },
{ "type": "Feature", "properties": { "element": "node", "id": 12864727952, "name": "Keils' Fresh Food Store", "shop": "supermarket", "brand": null, "operator": null, "addr:street": "Jackson Drive", "addr:housenumber": "7403", "addr:city": "San Diego", "addr:postcode": "92119" }, "geometry": { "type": "Point", "coordinates": [ -117.044415599999979, 32.8037064 ] } },
{ "type": "Feature", "properties": { "element": "node", "id": 13145103790, "name": "Market Hall", "shop": "convenience", "brand": null, "operator": null, "addr:street": null, "addr:housenumber": null, "addr:city": null, "addr:postcode": null }, "geometry": { "type": "Point", "coordinates": [ -117.1903903, 32.7309719 ] } },
{ "type": "Feature", "properties": { "element": "node", "id": 13171517251, "name": "Univision", "shop": "convenience", "brand": null, "operator": null, "addr:street": null, "addr:housenumber": null, "addr:city": null, "addr:postcode": null }, "geometry": { "type": "Point", "coordinates": [ -117.191104900000013, 32.7310433 ] } },
{ "type": "Feature", "properties": { "element": "node", "id": 13310742400, "name": "French Florist – San Diego", "shop": "supermarket", "brand": null, "operator": null, "addr:street": "1st Avenue", "addr:housenumber": "2233", "addr:city": "San Diego", "addr:postcode": "92101" }, "geometry": { "type": "Point", "coordinates": [ -117.1635508, 32.7286592 ] } },
{ "type": "Feature", "properties": { "element": "node", "id": 13337219506, "name": "Minnehaha Food Market", "shop": "grocery", "brand": null, "operator": null, "addr:street": null, "addr:housenumber": null, "addr:city": null, "addr:postcode": null }, "geometry": { "type": "Point", "coordinates": [ -117.0872138, 32.7497574 ] } },
{ "type": "Feature", "properties": { "element": "node", "id": 13337219508, "name": "SBAOA K&S Halal Market", "shop": "grocery", "brand": null, "operator": null, "addr:street": null, "addr:housenumber": null, "addr:city": null, "addr:postcode": null }, "geometry": { "type": "Point", "coordinates": [ -117.087361300000012, 32.7492028 ] } },
{ "type": "Feature", "properties": { "element": "node", "id": 13337373601, "name": "Siêu-Thị Viễn-Đông Supermarket", "shop": "supermarket", "brand": null, "operator": null, "addr:street": null, "addr:housenumber": null, "addr:city": null, "addr:postcode": null }, "geometry": { "type": "Point", "coordinates": [ -117.0800801, 32.7493777 ] } },
{ "type": "Feature", "properties": { "element": "node", "id": 13337455123, "name": "H&L Supermarket", "shop": "supermarket", "brand": null, "operator": null, "addr:street": null, "addr:housenumber": null, "addr:city": null, "addr:postcode": null }, "geometry": { "type": "Point", "coordinates": [ -117.09473, 32.7562746 ] } },
{ "type": "Feature", "properties": { "element": "node", "id": 13380422925, "name": "M & M Market", "shop": "convenience", "brand": null, "operator": null, "addr:street": null, "addr:housenumber": null, "addr:city": null, "addr:postcode": null }, "geometry": { "type": "Point", "coordinates": [ -117.1425543, 32.7737633 ] } },
{ "type": "Feature", "properties": { "element": "node", "id": 13394303403, "name": "Portuguese Market", "shop": "grocery", "brand": null, "operator": null, "addr:street": null, "addr:housenumber": null, "addr:city": null, "addr:postcode": null }, "geometry": { "type": "Point", "coordinates": [ -117.2296393, 32.7214587 ] } },
{ "type": "Feature", "properties": { "element": "node", "id": 13608513132, "name": "Kunduz Market", "shop": "supermarket", "brand": null, "operator": null, "addr:street": "Camino Ruiz", "addr:housenumber": null, "addr:city": "San Diego", "addr:postcode": "92126" }, "geometry": { "type": "Point", "coordinates": [ -117.1433705, 32.9265779 ] } },
{ "type": "Feature", "properties": { "element": "node", "id": 13608518574, "name": "Azteca Mexican Market", "shop": "supermarket", "brand": null, "operator": null, "addr:street": "Camino Ruiz", "addr:housenumber": "11277", "addr:city": "San Diego", "addr:postcode": "92126" }, "geometry": { "type": "Point", "coordinates": [ -117.1433709, 32.9270194 ] } },
{ "type": "Feature", "properties": { "element": "way", "id": 31800400, "name": null, "shop": "convenience", "brand": null, "operator": null, "addr:street": null, "addr:housenumber": null, "addr:city": null, "addr:postcode": null }, "geometry": { "type": "Point", "coordinates": [ -117.11314003914562, 32.937511941211447 ] } },
{ "type": "Feature", "properties": { "element": "way", "id": 31800402, "name": "Tokyo Central", "shop": "supermarket", "brand": null, "operator": null, "addr:street": "Balboa Avenue", "addr:housenumber": "8151", "addr:city": "San Diego", "addr:postcode": "92111" }, "geometry": { "type": "Point", "coordinates": [ -117.147815203173153, 32.821439512567245 ] } },
{ "type": "Feature", "properties": { "element": "way", "id": 31800414, "name": null, "shop": "convenience", "brand": null, "operator": null, "addr:street": null, "addr:housenumber": null, "addr:city": null, "addr:postcode": null }, "geometry": { "type": "Point", "coordinates": [ -117.192720499997733, 32.748201549982461 ] } },
{ "type": "Feature", "properties": { "element": "way", "id": 31800483, "name": null, "shop": "convenience", "brand": null, "operator": null, "addr:street": null, "addr:housenumber": null, "addr:city": null, "addr:postcode": null }, "geometry": { "type": "Point", "coordinates": [ -117.218635500016305, 32.806518650036935 ] } },
{ "type": "Feature", "properties": { "element": "way", "id": 31800628, "name": "Carnival Supermarket", "shop": "supermarket", "brand": null, "operator": null, "addr:street": "Ashford Street", "addr:housenumber": "3560", "addr:city": "San Diego", "addr:postcode": "92111" }, "geometry": { "type": "Point", "coordinates": [ -117.160859844979953, 32.808769691868264 ] } },
{ "type": "Feature", "properties": { "element": "way", "id": 31800988, "name": "ampm", "shop": "convenience", "brand": "ampm", "operator": null, "addr:street": "Mira Mesa Boulevard", "addr:housenumber": "9320", "addr:city": "San Diego", "addr:postcode": "92126" }, "geometry": { "type": "Point", "coordinates": [ -117.124318083129211, 32.91773204428727 ] } },
{ "type": "Feature", "properties": { "element": "way", "id": 31801000, "name": "Gigante Iga Market", "shop": "supermarket", "brand": null, "operator": null, "addr:street": "National Avenue", "addr:housenumber": "3175", "addr:city": "San Diego", "addr:postcode": "92113" }, "geometry": { "type": "Point", "coordinates": [ -117.125696054218253, 32.695709315584004 ] } },
{ "type": "Feature", "properties": { "element": "way", "id": 31801071, "name": "Circle A", "shop": "convenience", "brand": null, "operator": null, "addr:street": null, "addr:housenumber": null, "addr:city": null, "addr:postcode": null }, "geometry": { "type": "Point", "coordinates": [ -117.083678125092248, 32.573010508910322 ] } },
{ "type": "Feature", "properties": { "element": "way", "id": 31801521, "name": "Sprouts Farmers Market", "shop": "supermarket", "brand": "Sprouts Farmers Market", "operator": null, "addr:street": "Park Boulevard", "addr:housenumber": "4175", "addr:city": "San Diego", "addr:postcode": "92103" }, "geometry": { "type": "Point", "coordinates": [ -117.145881484863409, 32.753273502295215 ] } },
{ "type": "Feature", "properties": { "element": "way", "id": 31802056, "name": "SF Supermarket", "shop": "supermarket", "brand": "SF Supermarket", "operator": null, "addr:street": "Linda Vista Road", "addr:housenumber": "6935", "addr:city": "San Diego", "addr:postcode": "92111-6305" }, "geometry": { "type": "Point", "coordinates": [ -117.169786761190736, 32.784486147199509 ] } },
{ "type": "Feature", "properties": { "element": "way", "id": 31802079, "name": "Aldi", "shop": "supermarket", "brand": "Aldi", "operator": null, "addr:street": null, "addr:housenumber": "5270", "addr:city": null, "addr:postcode": null }, "geometry": { "type": "Point", "coordinates": [ -117.182853625650523, 32.819798186887631 ] } },
{ "type": "Feature", "properties": { "element": "way", "id": 31802154, "name": "G&M Food Mart", "shop": "convenience", "brand": null, "operator": null, "addr:street": null, "addr:housenumber": null, "addr:city": null, "addr:postcode": null }, "geometry": { "type": "Point", "coordinates": [ -117.18200831445624, 32.743270952938424 ] } },
{ "type": "Feature", "properties": { "element": "way", "id": 31802273, "name": "SF Supermarket", "shop": "supermarket", "brand": "SF Supermarket", "operator": null, "addr:street": "Linda Vista Road", "addr:housenumber": "6935", "addr:city": "San Diego", "addr:postcode": "92111-6305" }, "geometry": { "type": "Point", "coordinates": [ -117.170046272293362, 32.784263782150695 ] } },
{ "type": "Feature", "properties": { "element": "way", "id": 31802414, "name": "7-Eleven", "shop": "convenience", "brand": "7-Eleven", "operator": null, "addr:street": null, "addr:housenumber": null, "addr:city": null, "addr:postcode": null }, "geometry": { "type": "Point", "coordinates": [ -117.218182561535215, 32.80581769758497 ] } },
{ "type": "Feature", "properties": { "element": "way", "id": 31802559, "name": "ampm", "shop": "convenience", "brand": "ampm", "operator": null, "addr:street": null, "addr:housenumber": null, "addr:city": null, "addr:postcode": null }, "geometry": { "type": "Point", "coordinates": [ -117.139221970304348, 32.75570523976269 ] } },
{ "type": "Feature", "properties": { "element": "way", "id": 31802671, "name": "La Palapa Market", "shop": "supermarket", "brand": null, "operator": null, "addr:street": null, "addr:housenumber": null, "addr:city": null, "addr:postcode": null }, "geometry": { "type": "Point", "coordinates": [ -117.064382806215363, 32.675754589031953 ] } },
{ "type": "Feature", "properties": { "element": "way", "id": 31802699, "name": "Vons", "shop": "supermarket", "brand": "Vons", "operator": null, "addr:street": "30TH Street", "addr:housenumber": "4145", "addr:city": "San Diego", "addr:postcode": "92104" }, "geometry": { "type": "Point", "coordinates": [ -117.129528158396212, 32.753107247369897 ] } },
{ "type": "Feature", "properties": { "element": "way", "id": 31802976, "name": "7-Eleven", "shop": "convenience", "brand": "7-Eleven", "operator": null, "addr:street": "Bacon Street", "addr:housenumber": "2190", "addr:city": "San Diego", "addr:postcode": "92107" }, "geometry": { "type": "Point", "coordinates": [ -117.247058480460041, 32.752041875563783 ] } },
{ "type": "Feature", "properties": { "element": "way", "id": 31803027, "name": null, "shop": "convenience", "brand": null, "operator": null, "addr:street": "El Cajon Boulevard", "addr:housenumber": "2404", "addr:city": "San Diego", "addr:postcode": "92104" }, "geometry": { "type": "Point", "coordinates": [ -117.138485498444496, 32.755704623628311 ] } },
{ "type": "Feature", "properties": { "element": "way", "id": 31803083, "name": "Smart & Final", "shop": "supermarket", "brand": "Smart & Final", "operator": null, "addr:street": null, "addr:housenumber": null, "addr:city": null, "addr:postcode": null }, "geometry": { "type": "Point", "coordinates": [ -117.179572309182277, 32.833379442598535 ] } },
{ "type": "Feature", "properties": { "element": "way", "id": 31803134, "name": null, "shop": "convenience", "brand": null, "operator": null, "addr:street": null, "addr:housenumber": null, "addr:city": null, "addr:postcode": null }, "geometry": { "type": "Point", "coordinates": [ -117.223565072573351, 32.753333398297706 ] } },
{ "type": "Feature", "properties": { "element": "way", "id": 31803611, "name": "Tokyo Central", "shop": "grocery", "brand": null, "operator": null, "addr:street": "Balboa Avenue", "addr:housenumber": "8125", "addr:city": "San Diego", "addr:postcode": "92111" }, "geometry": { "type": "Point", "coordinates": [ -117.147985727467855, 32.821187600915813 ] } },
{ "type": "Feature", "properties": { "element": "way", "id": 31803801, "name": "Arco", "shop": "convenience", "brand": "Arco", "operator": null, "addr:street": "Palm Avenue", "addr:housenumber": "4604", "addr:city": "San Diego", "addr:postcode": "92154" }, "geometry": { "type": "Point", "coordinates": [ -117.035416866831667, 32.584237166748842 ] } },
{ "type": "Feature", "properties": { "element": "way", "id": 31803960, "name": "Food 4 Less", "shop": "supermarket", "brand": "Food 4 Less", "operator": null, "addr:street": "Hazard Center Drive", "addr:housenumber": "7730", "addr:city": null, "addr:postcode": null }, "geometry": { "type": "Point", "coordinates": [ -117.155670673192276, 32.772324248829953 ] } },
{ "type": "Feature", "properties": { "element": "way", "id": 31803970, "name": null, "shop": "convenience", "brand": null, "operator": null, "addr:street": null, "addr:housenumber": null, "addr:city": null, "addr:postcode": null }, "geometry": { "type": "Point", "coordinates": [ -117.139569257868345, 32.804295854976331 ] } },
{ "type": "Feature", "properties": { "element": "way", "id": 31804094, "name": "lazy acres market", "shop": "supermarket", "brand": "Albertsons", "operator": null, "addr:street": "West Washington Street", "addr:housenumber": "422", "addr:city": "San Diego", "addr:postcode": "92103" }, "geometry": { "type": "Point", "coordinates": [ -117.167739421478615, 32.750530631284569 ] } },
{ "type": "Feature", "properties": { "element": "way", "id": 31806592, "name": "Express Gasoline", "shop": "convenience", "brand": null, "operator": null, "addr:street": null, "addr:housenumber": null, "addr:city": null, "addr:postcode": null }, "geometry": { "type": "Point", "coordinates": [ -117.013268912819271, 32.80011276102416 ] } },
{ "type": "Feature", "properties": { "element": "way", "id": 31807342, "name": "San Diego Naval Base Commissary", "shop": "supermarket", "brand": null, "operator": null, "addr:street": null, "addr:housenumber": null, "addr:city": null, "addr:postcode": null }, "geometry": { "type": "Point", "coordinates": [ -117.130127111400668, 32.690970722477381 ] } },
{ "type": "Feature", "properties": { "element": "way", "id": 31807348, "name": "North Park Produce", "shop": "supermarket", "brand": null, "operator": null, "addr:street": "El Cajon Boulevard", "addr:housenumber": "3551", "addr:city": "San Diego", "addr:postcode": null }, "geometry": { "type": "Point", "coordinates": [ -117.116521775940356, 32.754954881469615 ] } },
{ "type": "Feature", "properties": { "element": "way", "id": 31807482, "name": null, "shop": "convenience", "brand": null, "operator": null, "addr:street": "Market Street", "addr:housenumber": "1606", "addr:city": "San Diego", "addr:postcode": "92101" }, "geometry": { "type": "Point", "coordinates": [ -117.149148472514156, 32.711857319583849 ] } },
{ "type": "Feature", "properties": { "element": "way", "id": 31807721, "name": "7-Eleven", "shop": "convenience", "brand": "7-Eleven", "operator": null, "addr:street": null, "addr:housenumber": null, "addr:city": null, "addr:postcode": null }, "geometry": { "type": "Point", "coordinates": [ -117.143430866577916, 32.925457345432612 ] } },
{ "type": "Feature", "properties": { "element": "way", "id": 31807964, "name": "Mid East Market", "shop": "convenience", "brand": null, "operator": null, "addr:street": "El Cajon Boulevard", "addr:housenumber": "4595", "addr:city": "San Diego", "addr:postcode": null }, "geometry": { "type": "Point", "coordinates": [ -117.095646352078091, 32.755367929212831 ] } },
{ "type": "Feature", "properties": { "element": "way", "id": 31808067, "name": "World Foods Supermarket", "shop": "supermarket", "brand": null, "operator": null, "addr:street": "El Cajon Boulevard", "addr:housenumber": "5425", "addr:city": "San Diego", "addr:postcode": "92115" }, "geometry": { "type": "Point", "coordinates": [ -117.082946244948658, 32.756166001803919 ] } },
{ "type": "Feature", "properties": { "element": "way", "id": 31808214, "name": "Smart & Final", "shop": "supermarket", "brand": "Smart & Final", "operator": null, "addr:street": "15th Street", "addr:housenumber": "720", "addr:city": "San Diego", "addr:postcode": "92101" }, "geometry": { "type": "Point", "coordinates": [ -117.150929652133584, 32.712905663632213 ] } },
{ "type": "Feature", "properties": { "element": "way", "id": 31808436, "name": "ExtraMile", "shop": "convenience", "brand": "ExtraMile", "operator": null, "addr:street": "Waring Road", "addr:housenumber": "5103", "addr:city": "San Diego", "addr:postcode": "92120" }, "geometry": { "type": "Point", "coordinates": [ -117.08213666030403, 32.790659958001157 ] } },
{ "type": "Feature", "properties": { "element": "way", "id": 31808771, "name": "Grocery Outlet", "shop": "supermarket", "brand": "Grocery Outlet", "operator": null, "addr:street": null, "addr:housenumber": null, "addr:city": null, "addr:postcode": null }, "geometry": { "type": "Point", "coordinates": [ -117.155012858547494, 32.712004741751983 ] } },
{ "type": "Feature", "properties": { "element": "way", "id": 31809101, "name": "Albertsons", "shop": "supermarket", "brand": "Albertsons", "operator": null, "addr:street": "Lake Murray Boulevard", "addr:housenumber": "8650", "addr:city": "San Diego", "addr:postcode": "92119" }, "geometry": { "type": "Point", "coordinates": [ -117.013225208524986, 32.801608389098377 ] } },
{ "type": "Feature", "properties": { "element": "way", "id": 31809128, "name": "Ralphs", "shop": "supermarket", "brand": "Ralphs", "operator": null, "addr:street": "G Street", "addr:housenumber": "101", "addr:city": "San Diego", "addr:postcode": "92101" }, "geometry": { "type": "Point", "coordinates": [ -117.163344882314988, 32.712104256821569 ] } },
{ "type": "Feature", "properties": { "element": "way", "id": 31809424, "name": "Ralphs", "shop": "supermarket", "brand": "Ralphs", "operator": null, "addr:street": "Del Mar Heights Road", "addr:housenumber": "3455", "addr:city": "San Diego", "addr:postcode": "92130" }, "geometry": { "type": "Point", "coordinates": [ -117.231811522737189, 32.952864271511167 ] } },
{ "type": "Feature", "properties": { "element": "way", "id": 31809487, "name": null, "shop": "convenience", "brand": null, "operator": null, "addr:street": null, "addr:housenumber": null, "addr:city": null, "addr:postcode": null }, "geometry": { "type": "Point", "coordinates": [ -117.18432920695578, 32.822559653377262 ] } },
{ "type": "Feature", "properties": { "element": "way", "id": 31809639, "name": "Walmart Supercenter", "shop": "supermarket", "brand": "Walmart", "operator": "Walmart", "addr:street": "College Avenue", "addr:housenumber": "3412", "addr:city": "San Diego", "addr:postcode": "92115" }, "geometry": { "type": "Point", "coordinates": [ -117.053670913497655, 32.741608647581671 ] } },
{ "type": "Feature", "properties": { "element": "way", "id": 31809676, "name": null, "shop": "convenience", "brand": null, "operator": null, "addr:street": null, "addr:housenumber": null, "addr:city": null, "addr:postcode": null }, "geometry": { "type": "Point", "coordinates": [ -117.181118164348987, 32.742680980313608 ] } },
{ "type": "Feature", "properties": { "element": "way", "id": 31809829, "name": null, "shop": "supermarket", "brand": null, "operator": null, "addr:street": "Beyer Boulevard", "addr:housenumber": "4174", "addr:city": "San Diego", "addr:postcode": "92173" }, "geometry": { "type": "Point", "coordinates": [ -117.044758904578771, 32.558535448748458 ] } },
{ "type": "Feature", "properties": { "element": "way", "id": 31810154, "name": "7-Eleven", "shop": "convenience", "brand": "7-Eleven", "operator": null, "addr:street": "Rosecrans Street", "addr:housenumber": "1826", "addr:city": "San Diego", "addr:postcode": "92106" }, "geometry": { "type": "Point", "coordinates": [ -117.224807727862185, 32.730415489551952 ] } },
{ "type": "Feature", "properties": { "element": "way", "id": 31810167, "name": "Trader Joe's", "shop": "supermarket", "brand": "Trader Joe's", "operator": null, "addr:street": "Hibert Street", "addr:housenumber": "9850", "addr:city": "San Diego", "addr:postcode": "92131" }, "geometry": { "type": "Point", "coordinates": [ -117.115166589637141, 32.914188091362753 ] } },
{ "type": "Feature", "properties": { "element": "way", "id": 31810307, "name": "Petromerica", "shop": "convenience", "brand": null, "operator": null, "addr:street": "F Street", "addr:housenumber": "1548", "addr:city": "San Diego", "addr:postcode": "92101" }, "geometry": { "type": "Point", "coordinates": [ -117.149841337583894, 32.714020387894799 ] } },
{ "type": "Feature", "properties": { "element": "way", "id": 31810374, "name": "Skyline Convenience", "shop": "convenience", "brand": null, "operator": null, "addr:street": "Skyline Drive", "addr:housenumber": "7346", "addr:city": "San Diego", "addr:postcode": "92114" }, "geometry": { "type": "Point", "coordinates": [ -117.040707700000226, 32.704327800016614 ] } },
{ "type": "Feature", "properties": { "element": "way", "id": 31810622, "name": "Imperial Food Supermarket", "shop": "supermarket", "brand": null, "operator": null, "addr:street": null, "addr:housenumber": null, "addr:city": null, "addr:postcode": null }, "geometry": { "type": "Point", "coordinates": [ -117.057733669572215, 32.710192501428622 ] } },
{ "type": "Feature", "properties": { "element": "way", "id": 31810808, "name": "Shell", "shop": "convenience", "brand": "Shell", "operator": null, "addr:street": null, "addr:housenumber": null, "addr:city": null, "addr:postcode": null }, "geometry": { "type": "Point", "coordinates": [ -117.155338497860242, 32.718523162887927 ] } },
{ "type": "Feature", "properties": { "element": "way", "id": 31816102, "name": "Shell", "shop": "convenience", "brand": "Shell", "operator": null, "addr:street": null, "addr:housenumber": null, "addr:city": null, "addr:postcode": null }, "geometry": { "type": "Point", "coordinates": [ -117.241025008389968, 32.950586465111812 ] } },
{ "type": "Feature", "properties": { "element": "way", "id": 31816118, "name": "Aldi", "shop": "supermarket", "brand": "Aldi", "operator": null, "addr:street": "Mira Mesa Boulevard", "addr:housenumber": "9340", "addr:city": "San Diego", "addr:postcode": "92126" }, "geometry": { "type": "Point", "coordinates": [ -117.123330728448323, 32.918292070852388 ] } },
{ "type": "Feature", "properties": { "element": "way", "id": 31816246, "name": "ExtraMile", "shop": "convenience", "brand": "ExtraMile", "operator": null, "addr:street": null, "addr:housenumber": null, "addr:city": null, "addr:postcode": null }, "geometry": { "type": "Point", "coordinates": [ -117.277843607751052, 32.838820701410611 ] } },
{ "type": "Feature", "properties": { "element": "way", "id": 31816247, "name": "Vinh-Hung Supermarket", "shop": "supermarket", "brand": null, "operator": null, "addr:street": null, "addr:housenumber": null, "addr:city": null, "addr:postcode": null }, "geometry": { "type": "Point", "coordinates": [ -117.145717950944046, 32.9093355475583 ] } },
{ "type": "Feature", "properties": { "element": "way", "id": 31816566, "name": "ampm", "shop": "convenience", "brand": "ampm", "operator": null, "addr:street": null, "addr:housenumber": null, "addr:city": null, "addr:postcode": null }, "geometry": { "type": "Point", "coordinates": [ -117.062577611191941, 32.763406141981854 ] } },
{ "type": "Feature", "properties": { "element": "way", "id": 31816684, "name": "7-Eleven", "shop": "convenience", "brand": "7-Eleven", "operator": null, "addr:street": "La Jolla Boulevard", "addr:housenumber": "6953", "addr:city": "La Jolla", "addr:postcode": "92037-5427" }, "geometry": { "type": "Point", "coordinates": [ -117.276509999415282, 32.832847930636937 ] } },
{ "type": "Feature", "properties": { "element": "way", "id": 31816707, "name": "ampm", "shop": "convenience", "brand": "ampm", "operator": null, "addr:street": "Carmel Valley Road", "addr:housenumber": "3170", "addr:city": "San Diego", "addr:postcode": "92130" }, "geometry": { "type": "Point", "coordinates": [ -117.237647990686057, 32.934847020397903 ] } },
{ "type": "Feature", "properties": { "element": "way", "id": 31817247, "name": "ExtraMile", "shop": "convenience", "brand": "ExtraMile", "operator": null, "addr:street": "Clairemont Mesa Boulevard", "addr:housenumber": "7070", "addr:city": "San Diego", "addr:postcode": "92111" }, "geometry": { "type": "Point", "coordinates": [ -117.164497849995612, 32.833045499968264 ] } },
{ "type": "Feature", "properties": { "element": "way", "id": 31817814, "name": "7-Eleven", "shop": "convenience", "brand": "7-Eleven", "operator": null, "addr:street": "Torrey del Mar Drive", "addr:housenumber": "13985", "addr:city": null, "addr:postcode": null }, "geometry": { "type": "Point", "coordinates": [ -117.161668780534626, 32.969977063940597 ] } },
{ "type": "Feature", "properties": { "element": "way", "id": 31818272, "name": "Mega Mart", "shop": "convenience", "brand": null, "operator": null, "addr:street": "Torrey Pines Road", "addr:housenumber": "2204", "addr:city": "La Jolla", "addr:postcode": "92037" }, "geometry": { "type": "Point", "coordinates": [ -117.253721449537508, 32.850863459996006 ] } },
{ "type": "Feature", "properties": { "element": "way", "id": 31818277, "name": "7-Eleven", "shop": "convenience", "brand": "7-Eleven", "operator": null, "addr:street": null, "addr:housenumber": null, "addr:city": null, "addr:postcode": null }, "geometry": { "type": "Point", "coordinates": [ -117.145430023536136, 32.904852756183402 ] } },
{ "type": "Feature", "properties": { "element": "way", "id": 31818636, "name": "ampm", "shop": "convenience", "brand": "ampm", "operator": null, "addr:street": "Miramar Road", "addr:housenumber": "6616", "addr:city": "San Diego", "addr:postcode": "92121" }, "geometry": { "type": "Point", "coordinates": [ -117.172135813603632, 32.878172721855954 ] } },
{ "type": "Feature", "properties": { "element": "way", "id": 31818776, "name": "Chevron", "shop": "convenience", "brand": "Chevron", "operator": null, "addr:street": null, "addr:housenumber": null, "addr:city": null, "addr:postcode": null }, "geometry": { "type": "Point", "coordinates": [ -117.044350025455216, 32.55184819095988 ] } },
{ "type": "Feature", "properties": { "element": "way", "id": 31819045, "name": "ampm", "shop": "convenience", "brand": "ampm", "operator": null, "addr:street": "Sabre Springs Parkway", "addr:housenumber": "12610", "addr:city": "San Diego", "addr:postcode": "92128" }, "geometry": { "type": "Point", "coordinates": [ -117.096350850443386, 32.948359791632875 ] } },
{ "type": "Feature", "properties": { "element": "way", "id": 31819152, "name": "La Bodega Market", "shop": "supermarket", "brand": null, "operator": null, "addr:street": "East Olive Drive", "addr:housenumber": "110", "addr:city": "San Diego", "addr:postcode": "92173" }, "geometry": { "type": "Point", "coordinates": [ -117.04238333506585, 32.552843473065337 ] } },
{ "type": "Feature", "properties": { "element": "way", "id": 31819171, "name": "Smart & Final", "shop": "supermarket", "brand": "Smart & Final", "operator": null, "addr:street": "Westview Parkway", "addr:housenumber": "10740", "addr:city": "San Diego", "addr:postcode": "92126" }, "geometry": { "type": "Point", "coordinates": [ -117.122159170525208, 32.915459471883622 ] } },
{ "type": "Feature", "properties": { "element": "way", "id": 31819571, "name": "Whole Foods Market", "shop": "supermarket", "brand": "Whole Foods Market", "operator": null, "addr:street": "Via De La Valle", "addr:housenumber": "2600", "addr:city": "Del Mar", "addr:postcode": "92014" }, "geometry": { "type": "Point", "coordinates": [ -117.252035350062627, 32.981334191560094 ] } },
{ "type": "Feature", "properties": { "element": "way", "id": 31819648, "name": "Food 4 Less", "shop": "supermarket", "brand": "Food 4 Less", "operator": null, "addr:street": "Shawline Street", "addr:housenumber": "4995", "addr:city": null, "addr:postcode": null }, "geometry": { "type": "Point", "coordinates": [ -117.16312174079647, 32.83100333661865 ] } },
{ "type": "Feature", "properties": { "element": "way", "id": 31819838, "name": "Grocery Outlet", "shop": "supermarket", "brand": "Grocery Outlet", "operator": null, "addr:street": "East San Ysidro Boulevard", "addr:housenumber": "444", "addr:city": "San Ysidro", "addr:postcode": "92173" }, "geometry": { "type": "Point", "coordinates": [ -117.036824589421286, 32.549648335642516 ] } },
{ "type": "Feature", "properties": { "element": "way", "id": 31819868, "name": "Stater Bros.", "shop": "supermarket", "brand": "Stater Bros.", "operator": null, "addr:street": "Carmel Mountain Road", "addr:housenumber": "9909", "addr:city": "San Diego", "addr:postcode": "92129" }, "geometry": { "type": "Point", "coordinates": [ -117.113700033055622, 32.959431757277024 ] } },
{ "type": "Feature", "properties": { "element": "way", "id": 31819996, "name": "Circle K", "shop": "convenience", "brand": "Circle K", "operator": null, "addr:street": null, "addr:housenumber": null, "addr:city": null, "addr:postcode": null }, "geometry": { "type": "Point", "coordinates": [ -117.145744527197934, 32.908579009336108 ] } },
{ "type": "Feature", "properties": { "element": "way", "id": 31820011, "name": "7-Eleven", "shop": "convenience", "brand": "7-Eleven", "operator": null, "addr:street": "Cantina Way", "addr:housenumber": "5150", "addr:city": "San Diego", "addr:postcode": "92115" }, "geometry": { "type": "Point", "coordinates": [ -117.06949834874051, 32.771849452332461 ] } },
{ "type": "Feature", "properties": { "element": "way", "id": 31839446, "name": "Minh Huong Supermarket", "shop": "supermarket", "brand": null, "operator": null, "addr:street": null, "addr:housenumber": null, "addr:city": null, "addr:postcode": null }, "geometry": { "type": "Point", "coordinates": [ -117.092016233807442, 32.750093030621834 ] } },
{ "type": "Feature", "properties": { "element": "way", "id": 31840026, "name": "7-Eleven", "shop": "convenience", "brand": "7-Eleven", "operator": null, "addr:street": "Starling Drive", "addr:housenumber": "7750", "addr:city": "San Diego", "addr:postcode": "92123" }, "geometry": { "type": "Point", "coordinates": [ -117.156101396344553, 32.793373382522198 ] } },
{ "type": "Feature", "properties": { "element": "way", "id": 31841315, "name": "Pepper Canyon Market", "shop": "convenience", "brand": null, "operator": null, "addr:street": "Gilman Drive", "addr:housenumber": "9500", "addr:city": "La Jolla", "addr:postcode": "92093-0068" }, "geometry": { "type": "Point", "coordinates": [ -117.230971316974973, 32.879154750327814 ] } },
{ "type": "Feature", "properties": { "element": "way", "id": 31841569, "name": "7-Eleven", "shop": "convenience", "brand": "7-Eleven", "operator": null, "addr:street": "San Diego Mission", "addr:housenumber": "10505", "addr:city": "San Diego", "addr:postcode": "92108-2201" }, "geometry": { "type": "Point", "coordinates": [ -117.1101019675679, 32.784419613413057 ] } },
{ "type": "Feature", "properties": { "element": "way", "id": 31842267, "name": "Alta Dena Market", "shop": "convenience", "brand": null, "operator": null, "addr:street": null, "addr:housenumber": null, "addr:city": null, "addr:postcode": null }, "geometry": { "type": "Point", "coordinates": [ -117.173063897936274, 32.819555617792638 ] } },
{ "type": "Feature", "properties": { "element": "way", "id": 31842378, "name": "Del Mesa Liquor", "shop": "convenience", "brand": null, "operator": null, "addr:street": null, "addr:housenumber": null, "addr:city": null, "addr:postcode": null }, "geometry": { "type": "Point", "coordinates": [ -117.184089991336648, 32.766598269292075 ] } },
{ "type": "Feature", "properties": { "element": "way", "id": 31843185, "name": "ExtraMile", "shop": "convenience", "brand": "ExtraMile", "operator": null, "addr:street": "Lake Murray Boulevard", "addr:housenumber": "8780", "addr:city": "San Diego", "addr:postcode": "92119" }, "geometry": { "type": "Point", "coordinates": [ -117.011302840318308, 32.802616545025614 ] } },
{ "type": "Feature", "properties": { "element": "way", "id": 31843199, "name": "ampm", "shop": "convenience", "brand": "ampm", "operator": null, "addr:street": null, "addr:housenumber": null, "addr:city": null, "addr:postcode": null }, "geometry": { "type": "Point", "coordinates": [ -117.193311401584523, 32.748601831864384 ] } },
{ "type": "Feature", "properties": { "element": "way", "id": 31843330, "name": null, "shop": "convenience", "brand": null, "operator": null, "addr:street": null, "addr:housenumber": null, "addr:city": null, "addr:postcode": null }, "geometry": { "type": "Point", "coordinates": [ -117.242680668095858, 32.749986287993664 ] } },
{ "type": "Feature", "properties": { "element": "way", "id": 31843545, "name": "7-Eleven", "shop": "convenience", "brand": "7-Eleven", "operator": null, "addr:street": "San Carlos Drive", "addr:housenumber": "8508", "addr:city": "San Diego", "addr:postcode": "92119" }, "geometry": { "type": "Point", "coordinates": [ -117.013728971415247, 32.800530147906642 ] } },
{ "type": "Feature", "properties": { "element": "way", "id": 31843562, "name": "Circle K", "shop": "convenience", "brand": "Circle K", "operator": null, "addr:street": null, "addr:housenumber": null, "addr:city": null, "addr:postcode": null }, "geometry": { "type": "Point", "coordinates": [ -117.103575181304421, 32.829900897485729 ] } },
{ "type": "Feature", "properties": { "element": "way", "id": 31843999, "name": "7-Eleven", "shop": "convenience", "brand": "7-Eleven", "operator": null, "addr:street": null, "addr:housenumber": null, "addr:city": null, "addr:postcode": null }, "geometry": { "type": "Point", "coordinates": [ -117.088348454364393, 32.749200244033645 ] } },
{ "type": "Feature", "properties": { "element": "way", "id": 31844403, "name": "7-Eleven", "shop": "convenience", "brand": "7-Eleven", "operator": null, "addr:street": "El Cajon Boulevard", "addr:housenumber": "5202", "addr:city": "San Diego", "addr:postcode": "92115-4724" }, "geometry": { "type": "Point", "coordinates": [ -117.083332648448902, 32.757617425080625 ] } },
{ "type": "Feature", "properties": { "element": "way", "id": 61862583, "name": "Vons", "shop": "supermarket", "brand": "Vons", "operator": null, "addr:street": "Highlands Village Place", "addr:housenumber": "7895", "addr:city": "San Diego", "addr:postcode": "92129" }, "geometry": { "type": "Point", "coordinates": [ -117.153663421869609, 32.961004662472298 ] } },
{ "type": "Feature", "properties": { "element": "way", "id": 113515882, "name": "99 Ranch Market", "shop": "supermarket", "brand": "99 Ranch Market", "operator": null, "addr:street": "Balboa Avenue", "addr:housenumber": "5950", "addr:city": "San Diego", "addr:postcode": "92117" }, "geometry": { "type": "Point", "coordinates": [ -117.176860095464676, 32.82165034343015 ] } },
{ "type": "Feature", "properties": { "element": "way", "id": 130005803, "name": "Vons", "shop": "supermarket", "brand": "Vons", "operator": null, "addr:street": "Del Mar Heights Road", "addr:housenumber": "2606", "addr:city": "Del Mar", "addr:postcode": "92014" }, "geometry": { "type": "Point", "coordinates": [ -117.246452412855035, 32.951451510831269 ] } },
{ "type": "Feature", "properties": { "element": "way", "id": 130361593, "name": "Food Mart", "shop": "convenience", "brand": null, "operator": null, "addr:street": null, "addr:housenumber": null, "addr:city": null, "addr:postcode": null }, "geometry": { "type": "Point", "coordinates": [ -117.174375777400883, 32.906628209711968 ] } },
{ "type": "Feature", "properties": { "element": "way", "id": 132165905, "name": "Pavilions", "shop": "supermarket", "brand": "Pavilions", "operator": null, "addr:street": "Girard Avenue", "addr:housenumber": "7544", "addr:city": "La Jolla", "addr:postcode": "92037" }, "geometry": { "type": "Point", "coordinates": [ -117.2735846945791, 32.84170697821412 ] } },
{ "type": "Feature", "properties": { "element": "way", "id": 132979647, "name": "Vons", "shop": "supermarket", "brand": "Vons", "operator": null, "addr:street": "Scrpps Ranch Boulevard", "addr:housenumber": "10016", "addr:city": "San Diego", "addr:postcode": "92131" }, "geometry": { "type": "Point", "coordinates": [ -117.100417218622439, 32.903062530539593 ] } },
{ "type": "Feature", "properties": { "element": "way", "id": 132985239, "name": "Vons", "shop": "supermarket", "brand": "Vons", "operator": null, "addr:street": "Mission Gorge Road", "addr:housenumber": "6555", "addr:city": "San Diego", "addr:postcode": "92120" }, "geometry": { "type": "Point", "coordinates": [ -117.096472294904686, 32.792390524260135 ] } },
{ "type": "Feature", "properties": { "element": "way", "id": 132985451, "name": "Vons", "shop": "supermarket", "brand": "Vons", "operator": null, "addr:street": "Adams Avenue", "addr:housenumber": "3610", "addr:city": "San Diego", "addr:postcode": "92116" }, "geometry": { "type": "Point", "coordinates": [ -117.114631487397702, 32.764113779481796 ] } },
{ "type": "Feature", "properties": { "element": "way", "id": 132985552, "name": "Vons", "shop": "supermarket", "brand": "Vons", "operator": "Safeway Inc", "addr:street": "El Cajon Boulevard", "addr:housenumber": "6155", "addr:city": "San Diego", "addr:postcode": "92115" }, "geometry": { "type": "Point", "coordinates": [ -117.064885741859754, 32.76090216059513 ] } },
{ "type": "Feature", "properties": { "element": "way", "id": 132985612, "name": "Vons", "shop": "supermarket", "brand": "Vons", "operator": null, "addr:street": "Saturn Boulevard", "addr:housenumber": "655", "addr:city": "San Diego", "addr:postcode": "92154" }, "geometry": { "type": "Point", "coordinates": [ -117.090122650981272, 32.584761558329753 ] } },
{ "type": "Feature", "properties": { "element": "way", "id": 132986176, "name": "Vons", "shop": "supermarket", "brand": "Vons", "operator": null, "addr:street": "Mira Mesa Boulevard", "addr:housenumber": "8310", "addr:city": "San Diego", "addr:postcode": "92126" }, "geometry": { "type": "Point", "coordinates": [ -117.144751787430607, 32.91526103445343 ] } },
{ "type": "Feature", "properties": { "element": "way", "id": 132986272, "name": "Vons", "shop": "supermarket", "brand": "Vons", "operator": null, "addr:street": "Clairemont Mesa Boulevard", "addr:housenumber": "10460", "addr:city": "San Diego", "addr:postcode": "92124" }, "geometry": { "type": "Point", "coordinates": [ -117.104221405172709, 32.830480328030397 ] } },
{ "type": "Feature", "properties": { "element": "way", "id": 132986459, "name": "Vons", "shop": "supermarket", "brand": "Vons", "operator": null, "addr:street": "Clairemont Dive", "addr:housenumber": "4725", "addr:city": "San Diego", "addr:postcode": "92117" }, "geometry": { "type": "Point", "coordinates": [ -117.205042339297961, 32.830172428534574 ] } },
{ "type": "Feature", "properties": { "element": "way", "id": 132986664, "name": "Pavilions", "shop": "supermarket", "brand": "Pavilions", "operator": null, "addr:street": "Valley Centre Drive", "addr:housenumber": "3850", "addr:city": "San Diego", "addr:postcode": "92130" }, "geometry": { "type": "Point", "coordinates": [ -117.232065893908967, 32.939312908991035 ] } },
{ "type": "Feature", "properties": { "element": "way", "id": 133090564, "name": "Vons", "shop": "supermarket", "brand": "Vons", "operator": null, "addr:street": "Garnet Avenue", "addr:housenumber": "1702", "addr:city": "San Diego", "addr:postcode": "92109" }, "geometry": { "type": "Point", "coordinates": [ -117.238992159267568, 32.80198232258897 ] } },
{ "type": "Feature", "properties": { "element": "way", "id": 133090923, "name": "Vons 2116 Fuel Station", "shop": "convenience", "brand": null, "operator": null, "addr:street": null, "addr:housenumber": null, "addr:city": null, "addr:postcode": null }, "geometry": { "type": "Point", "coordinates": [ -117.239451809383951, 32.800323005677093 ] } },
{ "type": "Feature", "properties": { "element": "way", "id": 133091343, "name": "Vons", "shop": "supermarket", "brand": "Vons", "operator": null, "addr:street": "Dennery Road", "addr:housenumber": "620", "addr:city": "San Diego", "addr:postcode": "92173" }, "geometry": { "type": "Point", "coordinates": [ -117.034674688076748, 32.583035875206456 ] } },
{ "type": "Feature", "properties": { "element": "way", "id": 133092999, "name": "Vons", "shop": "supermarket", "brand": "Vons", "operator": null, "addr:street": "Scripps Poway Parkway", "addr:housenumber": "10675", "addr:city": "San Diego", "addr:postcode": "92131" }, "geometry": { "type": "Point", "coordinates": [ -117.098500384936983, 32.935436246281604 ] } },
{ "type": "Feature", "properties": { "element": "way", "id": 133104819, "name": "Vons", "shop": "supermarket", "brand": "Vons", "operator": null, "addr:street": "Black Mountain Road", "addr:housenumber": "13255", "addr:city": "San Diego", "addr:postcode": "92129" }, "geometry": { "type": "Point", "coordinates": [ -117.124961582419985, 32.957962802891373 ] } },
{ "type": "Feature", "properties": { "element": "way", "id": 133107328, "name": "Vons", "shop": "supermarket", "brand": "Vons", "operator": null, "addr:street": "Bernardo Plaza Drive", "addr:housenumber": "11986", "addr:city": "San Diego", "addr:postcode": "92128" }, "geometry": { "type": "Point", "coordinates": [ -117.072201456668878, 33.020963123470487 ] } },
{ "type": "Feature", "properties": { "element": "way", "id": 133108689, "name": "Vons", "shop": "supermarket", "brand": "Vons", "operator": null, "addr:street": "Midway Drive", "addr:housenumber": "3645", "addr:city": "San Diego", "addr:postcode": "92110" }, "geometry": { "type": "Point", "coordinates": [ -117.217481434456232, 32.751095536377505 ] } },
{ "type": "Feature", "properties": { "element": "way", "id": 133109863, "name": "Vons", "shop": "supermarket", "brand": "Vons", "operator": null, "addr:street": "Balboa Avenue", "addr:housenumber": "5555", "addr:city": "San Diego", "addr:postcode": "92111" }, "geometry": { "type": "Point", "coordinates": [ -117.179038332392437, 32.818349812795738 ] } },
{ "type": "Feature", "properties": { "element": "way", "id": 133110016, "name": "Vons", "shop": "supermarket", "brand": "Vons", "operator": null, "addr:street": "Regents Road", "addr:housenumber": "7788", "addr:city": "San Diego", "addr:postcode": "92122" }, "geometry": { "type": "Point", "coordinates": [ -117.223542576778328, 32.862631149746939 ] } },
{ "type": "Feature", "properties": { "element": "way", "id": 133111167, "name": "Vons", "shop": "supermarket", "brand": "Vons", "operator": null, "addr:street": "Carmel Mountain Road", "addr:housenumber": "4627", "addr:city": "San Diego", "addr:postcode": "92130" }, "geometry": { "type": "Point", "coordinates": [ -117.21502017330144, 32.920342181027962 ] } },
{ "type": "Feature", "properties": { "element": "way", "id": 162530132, "name": "ampm", "shop": "convenience", "brand": "ampm", "operator": null, "addr:street": "Rancho Bernardo Road", "addr:housenumber": "11891", "addr:city": "San Diego", "addr:postcode": "92128" }, "geometry": { "type": "Point", "coordinates": [ -117.07485859410906, 33.02238081194551 ] } },
{ "type": "Feature", "properties": { "element": "way", "id": 162934496, "name": "ExtraMile", "shop": "convenience", "brand": "ExtraMile", "operator": null, "addr:street": "Lake Murray Boulevard", "addr:housenumber": "8815", "addr:city": "San Diego", "addr:postcode": "92119" }, "geometry": { "type": "Point", "coordinates": [ -117.009350712668763, 32.803392302258743 ] } },
{ "type": "Feature", "properties": { "element": "way", "id": 171382087, "name": "Manolo Farmers Market", "shop": "supermarket", "brand": null, "operator": null, "addr:street": "Coronado Avenue", "addr:housenumber": "1860", "addr:city": "San Diego", "addr:postcode": "92154" }, "geometry": { "type": "Point", "coordinates": [ -117.093468649660593, 32.578000048376282 ] } },
{ "type": "Feature", "properties": { "element": "way", "id": 238701310, "name": "Vons", "shop": "supermarket", "brand": "Vons", "operator": null, "addr:street": "Governor Drive", "addr:housenumber": "3993", "addr:city": "San Diego", "addr:postcode": "92122" }, "geometry": { "type": "Point", "coordinates": [ -117.203140381859313, 32.853507977011844 ] } },
{ "type": "Feature", "properties": { "element": "way", "id": 260042626, "name": "Circle K", "shop": "convenience", "brand": "Circle K", "operator": null, "addr:street": null, "addr:housenumber": null, "addr:city": null, "addr:postcode": null }, "geometry": { "type": "Point", "coordinates": [ -117.152070455267662, 32.957125374195542 ] } },
{ "type": "Feature", "properties": { "element": "way", "id": 295042312, "name": "A-Mart", "shop": "convenience", "brand": null, "operator": null, "addr:street": null, "addr:housenumber": null, "addr:city": null, "addr:postcode": null }, "geometry": { "type": "Point", "coordinates": [ -117.029458518672101, 32.544177492477942 ] } },
{ "type": "Feature", "properties": { "element": "way", "id": 300603195, "name": "Food Mart", "shop": "convenience", "brand": null, "operator": null, "addr:street": null, "addr:housenumber": null, "addr:city": "San Diego", "addr:postcode": "92154" }, "geometry": { "type": "Point", "coordinates": [ -116.966167984959554, 32.567139526951721 ] } },
{ "type": "Feature", "properties": { "element": "way", "id": 311067827, "name": "Gelson's", "shop": "supermarket", "brand": "Gelson's", "operator": null, "addr:street": "Turquoise Street", "addr:housenumber": "730", "addr:city": "San Diego", "addr:postcode": "92109" }, "geometry": { "type": "Point", "coordinates": [ -117.260347757781204, 32.808723989667271 ] } },
{ "type": "Feature", "properties": { "element": "way", "id": 321740808, "name": "Sprouts Farmers Market", "shop": "supermarket", "brand": "Sprouts Farmers Market", "operator": null, "addr:street": "Carmel Mountain Road", "addr:housenumber": "11710", "addr:city": "San Diego", "addr:postcode": "92128" }, "geometry": { "type": "Point", "coordinates": [ -117.08012289910576, 32.981239972576461 ] } },
{ "type": "Feature", "properties": { "element": "way", "id": 342124804, "name": "Trader Joe's", "shop": "supermarket", "brand": "Trader Joe's", "operator": null, "addr:street": "Highlands Place", "addr:housenumber": "13480", "addr:city": "San Diego", "addr:postcode": "92130" }, "geometry": { "type": "Point", "coordinates": [ -117.1913787680637, 32.96114348222342 ] } },
{ "type": "Feature", "properties": { "element": "way", "id": 401803600, "name": "AMPM", "shop": "convenience", "brand": null, "operator": null, "addr:street": "Scripps Summit Drive", "addr:housenumber": "12033", "addr:city": "San Diego", "addr:postcode": "92131" }, "geometry": { "type": "Point", "coordinates": [ -117.100097416197073, 32.937962678781403 ] } },
{ "type": "Feature", "properties": { "element": "way", "id": 401852457, "name": "ampm", "shop": "convenience", "brand": "ampm", "operator": null, "addr:street": "Lytton Street", "addr:housenumber": "2940", "addr:city": "San Diego", "addr:postcode": "92110" }, "geometry": { "type": "Point", "coordinates": [ -117.211771095126764, 32.74415736022231 ] } },
{ "type": "Feature", "properties": { "element": "way", "id": 476793283, "name": "NEX Mini Mart", "shop": "convenience", "brand": null, "operator": null, "addr:street": null, "addr:housenumber": "3657", "addr:city": null, "addr:postcode": null }, "geometry": { "type": "Point", "coordinates": [ -117.117420166151305, 32.684754187105618 ] } },
{ "type": "Feature", "properties": { "element": "way", "id": 478380118, "name": "Whole Foods Market", "shop": "supermarket", "brand": "Whole Foods Market", "operator": null, "addr:street": "Villa La Jolla Drive", "addr:housenumber": "8825", "addr:city": "La Jolla", "addr:postcode": "92037" }, "geometry": { "type": "Point", "coordinates": [ -117.230591332539575, 32.868721540596724 ] } },
{ "type": "Feature", "properties": { "element": "way", "id": 531739220, "name": "Target", "shop": "supermarket", "brand": "Target", "operator": null, "addr:street": "Camino Del Sur", "addr:housenumber": "17170", "addr:city": "San Diego", "addr:postcode": "92127-4166" }, "geometry": { "type": "Point", "coordinates": [ -117.125359959853881, 33.01955576499607 ] } },
{ "type": "Feature", "properties": { "element": "way", "id": 564506505, "name": "Shell", "shop": "convenience", "brand": "Shell", "operator": null, "addr:street": null, "addr:housenumber": null, "addr:city": null, "addr:postcode": null }, "geometry": { "type": "Point", "coordinates": [ -117.108216099999225, 32.936650100037035 ] } },
{ "type": "Feature", "properties": { "element": "way", "id": 622137659, "name": "Glenns Market", "shop": "convenience", "brand": null, "operator": null, "addr:street": null, "addr:housenumber": null, "addr:city": null, "addr:postcode": null }, "geometry": { "type": "Point", "coordinates": [ -117.132063825095017, 32.748230768456423 ] } },
{ "type": "Feature", "properties": { "element": "way", "id": 661611907, "name": null, "shop": "convenience", "brand": null, "operator": null, "addr:street": null, "addr:housenumber": null, "addr:city": null, "addr:postcode": null }, "geometry": { "type": "Point", "coordinates": [ -117.156456349999914, 32.821143950018069 ] } },
{ "type": "Feature", "properties": { "element": "way", "id": 705640286, "name": "ExtraMile", "shop": "convenience", "brand": "ExtraMile", "operator": null, "addr:street": "Palm Avenue", "addr:housenumber": "4360", "addr:city": "San Diego", "addr:postcode": "92154" }, "geometry": { "type": "Point", "coordinates": [ -117.038986450000181, 32.584185450034546 ] } },
{ "type": "Feature", "properties": { "element": "way", "id": 715920501, "name": "Valero", "shop": "convenience", "brand": "Valero", "operator": "Valero", "addr:street": "Texas Street", "addr:housenumber": "4616", "addr:city": "San Diego", "addr:postcode": "92116" }, "geometry": { "type": "Point", "coordinates": [ -117.139175965052871, 32.761307109965642 ] } },
{ "type": "Feature", "properties": { "element": "way", "id": 717376850, "name": "Ralphs", "shop": "supermarket", "brand": "Ralphs", "operator": null, "addr:street": "Mission Center Road", "addr:housenumber": "5680", "addr:city": "San Diego", "addr:postcode": "92108" }, "geometry": { "type": "Point", "coordinates": [ -117.155513548756957, 32.775853369279858 ] } },
{ "type": "Feature", "properties": { "element": "way", "id": 731730842, "name": "NEX", "shop": "convenience", "brand": null, "operator": null, "addr:street": null, "addr:housenumber": null, "addr:city": null, "addr:postcode": null }, "geometry": { "type": "Point", "coordinates": [ -117.224158122167793, 32.728156188327119 ] } },
{ "type": "Feature", "properties": { "element": "way", "id": 765872086, "name": "Street Corner Urban Market", "shop": "convenience", "brand": null, "operator": null, "addr:street": "Miramar Street", "addr:housenumber": "3789", "addr:city": "La Jolla", "addr:postcode": "92092" }, "geometry": { "type": "Point", "coordinates": [ -117.22461013399554, 32.875365436469018 ] } },
{ "type": "Feature", "properties": { "element": "way", "id": 767357830, "name": "Miramar Cash & Carry", "shop": "supermarket", "brand": null, "operator": null, "addr:street": "Miramar Road", "addr:housenumber": "9252", "addr:city": null, "addr:postcode": null }, "geometry": { "type": "Point", "coordinates": [ -117.128597885755696, 32.895043859556608 ] } },
{ "type": "Feature", "properties": { "element": "way", "id": 948293880, "name": "Mobil Mart", "shop": "convenience", "brand": "Mobil Mart", "operator": null, "addr:street": null, "addr:housenumber": null, "addr:city": null, "addr:postcode": null }, "geometry": { "type": "Point", "coordinates": [ -117.233341916496869, 32.871265040453686 ] } },
{ "type": "Feature", "properties": { "element": "way", "id": 949592552, "name": null, "shop": "convenience", "brand": "BP", "operator": null, "addr:street": "Carmel Valley Road", "addr:housenumber": "3170", "addr:city": "San Diego", "addr:postcode": "92130" }, "geometry": { "type": "Point", "coordinates": [ -117.237791911771595, 32.934931408133309 ] } },
{ "type": "Feature", "properties": { "element": "way", "id": 957664385, "name": "Stars & Stripes Travel Store", "shop": "convenience", "brand": null, "operator": null, "addr:street": null, "addr:housenumber": null, "addr:city": null, "addr:postcode": null }, "geometry": { "type": "Point", "coordinates": [ -117.186107964064917, 32.877166433588606 ] } },
{ "type": "Feature", "properties": { "element": "way", "id": 961783866, "name": null, "shop": "convenience", "brand": null, "operator": null, "addr:street": null, "addr:housenumber": null, "addr:city": null, "addr:postcode": null }, "geometry": { "type": "Point", "coordinates": [ -117.069519717754503, 32.771038286131109 ] } },
{ "type": "Feature", "properties": { "element": "way", "id": 962485970, "name": null, "shop": "convenience", "brand": null, "operator": null, "addr:street": null, "addr:housenumber": null, "addr:city": null, "addr:postcode": null }, "geometry": { "type": "Point", "coordinates": [ -117.202500641191804, 32.893784949037212 ] } },
{ "type": "Feature", "properties": { "element": "way", "id": 966913871, "name": "Jensen's Foods", "shop": "supermarket", "brand": null, "operator": null, "addr:street": "Catalina Boulevard", "addr:housenumber": "955", "addr:city": "San Diego", "addr:postcode": "92106" }, "geometry": { "type": "Point", "coordinates": [ -117.24545264060194, 32.721761439601082 ] } },
{ "type": "Feature", "properties": { "element": "way", "id": 1020724262, "name": "ampm", "shop": "convenience", "brand": "ampm", "operator": null, "addr:street": "Murphy Canyon Road", "addr:housenumber": "3770", "addr:city": "San Diego", "addr:postcode": "92123" }, "geometry": { "type": "Point", "coordinates": [ -117.117476720239793, 32.810478874104341 ] } },
{ "type": "Feature", "properties": { "element": "way", "id": 1024125230, "name": "ampm", "shop": "convenience", "brand": "ampm", "operator": null, "addr:street": "Heritage Road", "addr:housenumber": "1625", "addr:city": "San Diego", "addr:postcode": "92154" }, "geometry": { "type": "Point", "coordinates": [ -116.996257678397711, 32.567612058264736 ] } },
{ "type": "Feature", "properties": { "element": "way", "id": 1031045797, "name": null, "shop": "convenience", "brand": null, "operator": null, "addr:street": "Rosecrans Street", "addr:housenumber": "1076", "addr:city": "San Diego", "addr:postcode": "92106" }, "geometry": { "type": "Point", "coordinates": [ -117.232293884945776, 32.721490607785903 ] } },
{ "type": "Feature", "properties": { "element": "way", "id": 1036172426, "name": "7-Eleven", "shop": "convenience", "brand": "7-Eleven", "operator": null, "addr:street": "Clairemont Mesa Boulevard", "addr:housenumber": "7801", "addr:city": "San Diego", "addr:postcode": "92111" }, "geometry": { "type": "Point", "coordinates": [ -117.152735744055931, 32.832249038261615 ] } },
{ "type": "Feature", "properties": { "element": "way", "id": 1036172427, "name": null, "shop": "convenience", "brand": null, "operator": null, "addr:street": "Clairemont Mesa Boulevard", "addr:housenumber": "7785", "addr:city": "San Diego", "addr:postcode": "92111" }, "geometry": { "type": "Point", "coordinates": [ -117.153736455963795, 32.832398524589173 ] } },
{ "type": "Feature", "properties": { "element": "way", "id": 1053189441, "name": "7-Eleven", "shop": "convenience", "brand": "7-Eleven", "operator": null, "addr:street": "Otay Mesa Road", "addr:housenumber": "8395", "addr:city": "San Diego", "addr:postcode": "92154" }, "geometry": { "type": "Point", "coordinates": [ -116.963131513662958, 32.566947644402731 ] } },
{ "type": "Feature", "properties": { "element": "way", "id": 1069141977, "name": "Chez Bob", "shop": "convenience", "brand": null, "operator": null, "addr:street": null, "addr:housenumber": null, "addr:city": null, "addr:postcode": null }, "geometry": { "type": "Point", "coordinates": [ -117.233552796595191, 32.881746741151744 ] } },
{ "type": "Feature", "properties": { "element": "way", "id": 1079855835, "name": "Valero", "shop": "convenience", "brand": "Valero", "operator": null, "addr:street": null, "addr:housenumber": null, "addr:city": null, "addr:postcode": null }, "geometry": { "type": "Point", "coordinates": [ -117.172979797894058, 32.729486845742073 ] } },
{ "type": "Feature", "properties": { "element": "way", "id": 1089697289, "name": "7-Eleven", "shop": "convenience", "brand": "7-Eleven", "operator": null, "addr:street": "Ingraham Street", "addr:housenumber": "4342", "addr:city": "San Diego", "addr:postcode": "92109" }, "geometry": { "type": "Point", "coordinates": [ -117.240559899976304, 32.797479949992052 ] } },
{ "type": "Feature", "properties": { "element": "way", "id": 1106486668, "name": "Lindbergh Field News", "shop": "convenience", "brand": null, "operator": null, "addr:street": null, "addr:housenumber": null, "addr:city": null, "addr:postcode": null }, "geometry": { "type": "Point", "coordinates": [ -117.204109838256173, 32.731897162195096 ] } },
{ "type": "Feature", "properties": { "element": "way", "id": 1107887297, "name": "Hudson", "shop": "convenience", "brand": "Hudson", "operator": null, "addr:street": null, "addr:housenumber": null, "addr:city": null, "addr:postcode": null }, "geometry": { "type": "Point", "coordinates": [ -117.205352683474942, 32.732072688122337 ] } },
{ "type": "Feature", "properties": { "element": "way", "id": 1108333712, "name": "Stellar News", "shop": "convenience", "brand": null, "operator": null, "addr:street": null, "addr:housenumber": null, "addr:city": null, "addr:postcode": null }, "geometry": { "type": "Point", "coordinates": [ -117.203877316437385, 32.733822944793417 ] } },
{ "type": "Feature", "properties": { "element": "way", "id": 1132963026, "name": "7-Eleven", "shop": "convenience", "brand": "7-Eleven", "operator": null, "addr:street": "Mesa College Drive", "addr:housenumber": "7488", "addr:city": "San Diego", "addr:postcode": "92111" }, "geometry": { "type": "Point", "coordinates": [ -117.159819426339112, 32.801724287071046 ] } },
{ "type": "Feature", "properties": { "element": "way", "id": 1256982076, "name": "Mitsuwa Marketplace", "shop": "supermarket", "brand": "Mitsuwa Marketplace", "operator": null, "addr:street": "Kearny Mesa Road", "addr:housenumber": "4240", "addr:city": "San Diego", "addr:postcode": "92111" }, "geometry": { "type": "Point", "coordinates": [ -117.150513990661494, 32.818851200561447 ] } },
{ "type": "Feature", "properties": { "element": "way", "id": 1271874871, "name": "Speedway", "shop": "convenience", "brand": "Speedway", "operator": null, "addr:street": null, "addr:housenumber": null, "addr:city": null, "addr:postcode": null }, "geometry": { "type": "Point", "coordinates": [ -117.06211161241778, 32.709683277721687 ] } },
{ "type": "Feature", "properties": { "element": "way", "id": 1374538072, "name": "Foodland Mercado", "shop": "supermarket", "brand": null, "operator": null, "addr:street": "Cardiff Street", "addr:housenumber": "920", "addr:city": "San Diego", "addr:postcode": "92114" }, "geometry": { "type": "Point", "coordinates": [ -117.026069607465061, 32.715388911401206 ] } },
{ "type": "Feature", "properties": { "element": "way", "id": 1410822233, "name": "Farm Fresh Market", "shop": "supermarket", "brand": null, "operator": null, "addr:street": "Palm Avenue", "addr:housenumber": "1879", "addr:city": "San Diego", "addr:postcode": "92154" }, "geometry": { "type": "Point", "coordinates": [ -117.093623247839218, 32.583341934298829 ] } },
{ "type": "Feature", "properties": { "element": "way", "id": 1416330584, "name": "ExtraMile", "shop": "convenience", "brand": "ExtraMile", "operator": null, "addr:street": null, "addr:housenumber": null, "addr:city": null, "addr:postcode": null }, "geometry": { "type": "Point", "coordinates": [ -117.121046028974433, 32.748709167388618 ] } },
{ "type": "Feature", "properties": { "element": "way", "id": 1417068339, "name": "Zion Market", "shop": "supermarket", "brand": null, "operator": null, "addr:street": null, "addr:housenumber": null, "addr:city": null, "addr:postcode": null }, "geometry": { "type": "Point", "coordinates": [ -117.144685253141176, 32.834291438785073 ] } },
{ "type": "Feature", "properties": { "element": "way", "id": 1443576454, "name": null, "shop": "convenience", "brand": null, "operator": null, "addr:street": null, "addr:housenumber": null, "addr:city": null, "addr:postcode": null }, "geometry": { "type": "Point", "coordinates": [ -117.124745066435835, 32.691277096875879 ] } },
{ "type": "Feature", "properties": { "element": "way", "id": 1452213928, "name": "Sprouts Farmers Market", "shop": "supermarket", "brand": "Sprouts Farmers Market", "operator": null, "addr:street": "Governor Drive", "addr:housenumber": "3358", "addr:city": "San Diego", "addr:postcode": "92122" }, "geometry": { "type": "Point", "coordinates": [ -117.214201757960922, 32.851716069020618 ] } },
{ "type": "Feature", "properties": { "element": "way", "id": 1456798419, "name": "Sprouts Farmers Market", "shop": "supermarket", "brand": "Sprouts Farmers Market", "operator": null, "addr:street": "Clairemont Drive", "addr:housenumber": "3015", "addr:city": "San Diego", "addr:postcode": "92117" }, "geometry": { "type": "Point", "coordinates": [ -117.192351576203478, 32.794349575426381 ] } },
{ "type": "Feature", "properties": { "element": "way", "id": 1473985591, "name": "The Grub Station", "shop": "convenience", "brand": null, "operator": null, "addr:street": null, "addr:housenumber": null, "addr:city": null, "addr:postcode": null }, "geometry": { "type": "Point", "coordinates": [ -117.231004971016887, 32.937364652615301 ] } },
{ "type": "Feature", "properties": { "element": "way", "id": 1485144270, "name": "Shell", "shop": "convenience", "brand": "Shell", "operator": null, "addr:street": null, "addr:housenumber": null, "addr:city": null, "addr:postcode": null }, "geometry": { "type": "Point", "coordinates": [ -117.175776425207545, 32.819902816471419 ] } }
]
}
