{
"type": "FeatureCollection",
"name": "parks",
"crs": { "type": "name", "properties": { "name": "urn:ogc:def:crs:OGC:1.3:CRS84" } },
"features": [
{ "type": "Feature", "properties": { "element": "node", "id": 358780630, "name": "Bennington Monument", "leisure": "park", "operator": null, "access": null, "opening_hours": null, "wikidata": null }, "geometry": { "type": "Point", "coordinates": [ -117.2444382, 32.6899207 ] } },
{ "type": "Feature", "properties": { "element": "node", "id": 358782289, "name": "Coast Boulevard Park", "leisure": "park", "operator": null, "access": null, "opening_hours": null, "wikidata": "Q49478726" }, "geometry": { "type": "Point", "coordinates": [ -117.278648700000019, 32.8444917 ] } },
{ "type": "Feature", "properties": { "element": "node", "id": 358782957, "name": "Del Cerro Park", "leisure": "park", "operator": null, "access": null, "opening_hours": null, "wikidata": null }, "geometry": { "type": "Point", "coordinates": [ -117.0580853, 32.7814393 ] } },
{ "type": "Feature", "properties": { "element": "node", "id": 358787106, "name": "La Jolla Heights Park", "leisure": "park", "operator": null, "access": null, "opening_hours": null, "wikidata": "Q49512420" }, "geometry": { "type": "Point", "coordinates": [ -117.2608704, 32.8428253 ] } },
{ "type": "Feature", "properties": { "element": "node", "id": 358787116, "name": "La Jolla Park", "leisure": "park", "operator": null, "access": null, "opening_hours": null, "wikidata": null }, "geometry": { "type": "Point", "coordinates": [ -117.277259699999988, 32.8431029 ] } },
{ "type": "Feature", "properties": { "element": "node", "id": 358787129, "name": "La Jolla Strand Park", "leisure": "park", "operator": null, "access": null, "opening_hours": null, "wikidata": "Q49512428" }, "geometry": { "type": "Point", "coordinates": [ -117.2797599, 32.8275477 ] } },
{ "type": "Feature", "properties": { "element": "node", "id": 358787295, "name": "Mission Trails Regional Park", "leisure": "park", "operator": null, "access": null, "opening_hours": null, "wikidata": null }, "geometry": { "type": "Point", "coordinates": [ -117.0565806, 32.8198788 ] } },
{ "type": "Feature", "properties": { "element": "node", "id": 358789210, "name": "Mission Beach Park", "leisure": "park", "operator": null, "access": null, "opening_hours": null, "wikidata": "Q49527095" }, "geometry": { "type": "Point", "coordinates": [ -117.2535312, 32.7803591 ] } },
{ "type": "Feature", "properties": { "element": "node", "id": 358789381, "name": "Montgomery County Park", "leisure": "park", "operator": null, "access": null, "opening_hours": null, "wikidata": "Q49527829" }, "geometry": { "type": "Point", "coordinates": [ -117.0697496, 32.5783892 ] } },
{ "type": "Feature", "properties": { "element": "node", "id": 358789464, "name": "Mount Brundage Park", "leisure": "park", "operator": null, "access": null, "opening_hours": null, "wikidata": "Q49528866" }, "geometry": { "type": "Point", "coordinates": [ -117.1872569, 32.8125487 ] } },
{ "type": "Feature", "properties": { "element": "node", "id": 358789669, "name": "Neptune Park", "leisure": "park", "operator": null, "access": null, "opening_hours": null, "wikidata": "Q49530988" }, "geometry": { "type": "Point", "coordinates": [ -117.2810837, 32.8316573 ] } },
{ "type": "Feature", "properties": { "element": "node", "id": 358789726, "name": "Nicholson Point Park", "leisure": "park", "operator": null, "access": null, "opening_hours": null, "wikidata": "Q49531598" }, "geometry": { "type": "Point", "coordinates": [ -117.2814266, 32.8400474 ] } },
{ "type": "Feature", "properties": { "element": "node", "id": 358790213, "name": "Pacific Beach Park", "leisure": "park", "operator": null, "access": null, "opening_hours": null, "wikidata": null }, "geometry": { "type": "Point", "coordinates": [ -117.257291, 32.797738 ] } },
{ "type": "Feature", "properties": { "element": "node", "id": 358792013, "name": "San Carlos Park", "leisure": "park", "operator": null, "access": null, "opening_hours": null, "wikidata": null }, "geometry": { "type": "Point", "coordinates": [ -117.0211398, 32.7983835 ] } },
{ "type": "Feature", "properties": { "element": "node", "id": 358792017, "name": "San Clemente Park", "leisure": "park", "operator": null, "access": null, "opening_hours": null, "wikidata": "Q49556889" }, "geometry": { "type": "Point", "coordinates": [ -117.2025352, 32.8453256 ] } },
{ "type": "Feature", "properties": { "element": "node", "id": 358792800, "name": "South Bay Park", "leisure": "park", "operator": null, "access": null, "opening_hours": null, "wikidata": "Q49563164" }, "geometry": { "type": "Point", "coordinates": [ -117.097806300000016, 32.577278 ] } },
{ "type": "Feature", "properties": { "element": "node", "id": 358792807, "name": "Southcrest Park", "leisure": "park", "operator": null, "access": null, "opening_hours": null, "wikidata": null }, "geometry": { "type": "Point", "coordinates": [ -117.1070183, 32.6929403 ] } },
{ "type": "Feature", "properties": { "element": "node", "id": 358792938, "name": "Standley Park", "leisure": "park", "operator": null, "access": null, "opening_hours": null, "wikidata": "Q49565196" }, "geometry": { "type": "Point", "coordinates": [ -117.209479900000019, 32.8497698 ] } },
{ "type": "Feature", "properties": { "element": "node", "id": 358793151, "name": "Sunset Park", "leisure": "park", "operator": null, "access": null, "opening_hours": null, "wikidata": "Q49567851" }, "geometry": { "type": "Point", "coordinates": [ -117.198367600000012, 32.6875519 ] } },
{ "type": "Feature", "properties": { "element": "node", "id": 358793551, "name": "Tourmaline Surfing Park", "leisure": "park", "operator": null, "access": null, "opening_hours": "24/7", "wikidata": null }, "geometry": { "type": "Point", "coordinates": [ -117.262017299999982, 32.805277 ] } },
{ "type": "Feature", "properties": { "element": "node", "id": 358793874, "name": "University Heights Park", "leisure": "park", "operator": null, "access": null, "opening_hours": null, "wikidata": "Q49573329" }, "geometry": { "type": "Point", "coordinates": [ -117.1532942, 32.7615277 ] } },
{ "type": "Feature", "properties": { "element": "node", "id": 358821898, "name": "Point Loma Ecological Reserve", "leisure": "park", "operator": null, "access": null, "opening_hours": null, "wikidata": null }, "geometry": { "type": "Point", "coordinates": [ -117.2403712, 32.6752856 ] } },
{ "type": "Feature", "properties": { "element": "node", "id": 358844859, "name": "Del Dios Community Park", "leisure": "park", "operator": null, "access": null, "opening_hours": null, "wikidata": "Q49482545" }, "geometry": { "type": "Point", "coordinates": [ -117.11642190000002, 33.0772637 ] } },
{ "type": "Feature", "properties": { "element": "node", "id": 358844956, "name": "Webb Park", "leisure": "park", "operator": null, "access": null, "opening_hours": null, "wikidata": null }, "geometry": { "type": "Point", "coordinates": [ -117.07781030000001, 33.0175438 ] } },
{ "type": "Feature", "properties": { "element": "node", "id": 358845109, "name": "Los Peñasquitos Waterfowl Refuge", "leisure": "park", "operator": null, "access": null, "opening_hours": null, "wikidata": null }, "geometry": { "type": "Point", "coordinates": [ -117.2503143, 32.9294899 ] } },
{ "type": "Feature", "properties": { "element": "node", "id": 358845189, "name": "Fanuel Street Park", "leisure": "park", "operator": null, "access": null, "opening_hours": null, "wikidata": "Q49488326" }, "geometry": { "type": "Point", "coordinates": [ -117.2446025, 32.791841 ] } },
{ "type": "Feature", "properties": { "element": "node", "id": 358845191, "name": "Santa Clara Point Community Park", "leisure": "park", "operator": null, "access": null, "opening_hours": null, "wikidata": "Q49557655" }, "geometry": { "type": "Point", "coordinates": [ -117.248992500000014, 32.78387 ] } },
{ "type": "Feature", "properties": { "element": "node", "id": 358845193, "name": "Santa Clara Recreation Center", "leisure": "park", "operator": null, "access": null, "opening_hours": null, "wikidata": null }, "geometry": { "type": "Point", "coordinates": [ -117.2491395, 32.7835507 ] } },
{ "type": "Feature", "properties": { "element": "node", "id": 358845194, "name": "South Mission Beach Park", "leisure": "park", "operator": null, "access": null, "opening_hours": null, "wikidata": "Q49563444" }, "geometry": { "type": "Point", "coordinates": [ -117.2525249, 32.7602507 ] } },
{ "type": "Feature", "properties": { "element": "node", "id": 358845215, "name": "La Jolla Shores Park", "leisure": "park", "operator": null, "access": null, "opening_hours": null, "wikidata": "Q49512425" }, "geometry": { "type": "Point", "coordinates": [ -117.256803199999979, 32.858106 ] } },
{ "type": "Feature", "properties": { "element": "node", "id": 358845221, "name": "Mission Bay Athletic Area", "leisure": "park", "operator": null, "access": null, "opening_hours": null, "wikidata": "Q49527091" }, "geometry": { "type": "Point", "coordinates": [ -117.220869100000016, 32.8014376 ] } },
{ "type": "Feature", "properties": { "element": "node", "id": 358845239, "name": "Black Mountain Open Space", "leisure": "park", "operator": null, "access": null, "opening_hours": null, "wikidata": "Q4921345" }, "geometry": { "type": "Point", "coordinates": [ -117.1133667, 32.990044599999983 ] } },
{ "type": "Feature", "properties": { "element": "node", "id": 358845248, "name": "Clairmont Park Recreation Center", "leisure": "park", "operator": null, "access": null, "opening_hours": null, "wikidata": "Q49478376" }, "geometry": { "type": "Point", "coordinates": [ -117.2005906, 32.8064376 ] } },
{ "type": "Feature", "properties": { "element": "node", "id": 358845257, "name": "Highland Ranch Park", "leisure": "park", "operator": null, "access": null, "opening_hours": null, "wikidata": null }, "geometry": { "type": "Point", "coordinates": [ -117.075865899999982, 32.9922668 ] } },
{ "type": "Feature", "properties": { "element": "node", "id": 358845682, "name": "San Carlos Recreation Center", "leisure": "park", "operator": null, "access": null, "opening_hours": null, "wikidata": null }, "geometry": { "type": "Point", "coordinates": [ -117.0216953, 32.7983835 ] } },
{ "type": "Feature", "properties": { "element": "node", "id": 358845685, "name": "Serra Mesa Recreation Center", "leisure": "park", "operator": null, "access": null, "opening_hours": null, "wikidata": "Q49559784" }, "geometry": { "type": "Point", "coordinates": [ -117.1330882, 32.8056048 ] } },
{ "type": "Feature", "properties": { "element": "node", "id": 358845722, "name": "Celestine Park", "leisure": "park", "operator": null, "access": null, "opening_hours": null, "wikidata": null }, "geometry": { "type": "Point", "coordinates": [ -117.14725540000002, 32.7903273 ] } },
{ "type": "Feature", "properties": { "element": "node", "id": 358845923, "name": "Morley Field Sports Complex", "leisure": "park", "operator": null, "access": null, "opening_hours": null, "wikidata": "Q49528388" }, "geometry": { "type": "Point", "coordinates": [ -117.138237, 32.7387233 ] } },
{ "type": "Feature", "properties": { "element": "node", "id": 358845955, "name": "Sefton Plaza", "leisure": "park", "operator": null, "access": null, "opening_hours": null, "wikidata": "Q49559408" }, "geometry": { "type": "Point", "coordinates": [ -117.158344600000021, 32.7311921 ] } },
{ "type": "Feature", "properties": { "element": "node", "id": 358846133, "name": "Paradise Valley Park and Recreation Center", "leisure": "park", "operator": null, "access": null, "opening_hours": null, "wikidata": null }, "geometry": { "type": "Point", "coordinates": [ -117.0653066, 32.6919972 ] } },
{ "type": "Feature", "properties": { "element": "node", "id": 358846141, "name": "Southcrest Recreation Center", "leisure": "park", "operator": null, "access": null, "opening_hours": null, "wikidata": null }, "geometry": { "type": "Point", "coordinates": [ -117.10589659999998, 32.6930468 ] } },
{ "type": "Feature", "properties": { "element": "node", "id": 358846499, "name": "Tijuana River Valley Regional Park", "leisure": "park", "operator": null, "access": null, "opening_hours": null, "wikidata": null }, "geometry": { "type": "Point", "coordinates": [ -117.0905834, 32.5489455 ] } },
{ "type": "Feature", "properties": { "element": "node", "id": 358846742, "name": "Montgomery Waller Recreation Center", "leisure": "park", "operator": null, "access": null, "opening_hours": null, "wikidata": "Q49527866" }, "geometry": { "type": "Point", "coordinates": [ -117.0675274, 32.5825558 ] } },
{ "type": "Feature", "properties": { "element": "node", "id": 358846751, "name": "Pacific Gateway Park", "leisure": "park", "operator": null, "access": null, "opening_hours": null, "wikidata": null }, "geometry": { "type": "Point", "coordinates": [ -117.0047466, 32.5670011 ] } },
{ "type": "Feature", "properties": { "element": "node", "id": 358860758, "name": "Matthews Quadrangle", "leisure": "park", "operator": null, "access": null, "opening_hours": null, "wikidata": null }, "geometry": { "type": "Point", "coordinates": [ -117.2353191, 32.8790951 ] } },
{ "type": "Feature", "properties": { "element": "node", "id": 392150054, "name": "Fieldstone Legacy Plaza", "leisure": "park", "operator": null, "access": null, "opening_hours": null, "wikidata": null }, "geometry": { "type": "Point", "coordinates": [ -117.2141198, 32.738128799999984 ] } },
{ "type": "Feature", "properties": { "element": "node", "id": 596788131, "name": "Mel Driscoll Park", "leisure": "park", "operator": null, "access": null, "opening_hours": null, "wikidata": null }, "geometry": { "type": "Point", "coordinates": [ -117.141755, 33.020132 ] } },
{ "type": "Feature", "properties": { "element": "node", "id": 597141288, "name": "Allied Gardens Park", "leisure": "park", "operator": null, "access": "yes", "opening_hours": null, "wikidata": null }, "geometry": { "type": "Point", "coordinates": [ -117.080954, 32.795477 ] } },
{ "type": "Feature", "properties": { "element": "node", "id": 2768791560, "name": "Marston Point", "leisure": "park", "operator": null, "access": null, "opening_hours": null, "wikidata": null }, "geometry": { "type": "Point", "coordinates": [ -117.157916, 32.7254894 ] } },
{ "type": "Feature", "properties": { "element": "node", "id": 5085491887, "name": "Civic Center Plaza", "leisure": "park", "operator": null, "access": null, "opening_hours": null, "wikidata": null }, "geometry": { "type": "Point", "coordinates": [ -117.162857, 32.7176707 ] } },
{ "type": "Feature", "properties": { "element": "node", "id": 5085563604, "name": "College Area Community Garden", "leisure": "park", "operator": null, "access": null, "opening_hours": null, "wikidata": null }, "geometry": { "type": "Point", "coordinates": [ -117.065406400000015, 32.7733097 ] } },
{ "type": "Feature", "properties": { "element": "node", "id": 5474499377, "name": "Public Gazebo", "leisure": "park", "operator": null, "access": null, "opening_hours": null, "wikidata": null }, "geometry": { "type": "Point", "coordinates": [ -117.1082936, 32.909732 ] } },
{ "type": "Feature", "properties": { "element": "node", "id": 5744897612, "name": "Drum Circle Beach", "leisure": "park", "operator": null, "access": null, "opening_hours": null, "wikidata": null }, "geometry": { "type": "Point", "coordinates": [ -117.252303, 32.7502462 ] } },
{ "type": "Feature", "properties": { "element": "node", "id": 5967459077, "name": "North Clairemont Adult Recreation Center", "leisure": "park", "operator": null, "access": null, "opening_hours": null, "wikidata": null }, "geometry": { "type": "Point", "coordinates": [ -117.1966958, 32.832636 ] } },
{ "type": "Feature", "properties": { "element": "node", "id": 6571420861, "name": "Golden Hill Drive Park", "leisure": "park", "operator": null, "access": null, "opening_hours": null, "wikidata": null }, "geometry": { "type": "Point", "coordinates": [ -117.1402601, 32.7206307 ] } },
{ "type": "Feature", "properties": { "element": "node", "id": 6994602506, "name": null, "leisure": "park", "operator": null, "access": null, "opening_hours": null, "wikidata": null }, "geometry": { "type": "Point", "coordinates": [ -117.2123531, 32.7351061 ] } },
{ "type": "Feature", "properties": { "element": "node", "id": 7223537076, "name": "Parking Box for Digital Permits", "leisure": "park", "operator": "Student Association owns, operated by SDSU Police.", "access": null, "opening_hours": "24/7", "wikidata": null }, "geometry": { "type": "Point", "coordinates": [ -117.0684167, 32.7767542 ] } },
{ "type": "Feature", "properties": { "element": "node", "id": 8038427713, "name": "Ocean Air Park", "leisure": "park", "operator": null, "access": null, "opening_hours": null, "wikidata": null }, "geometry": { "type": "Point", "coordinates": [ -117.2173687, 32.926846 ] } },
{ "type": "Feature", "properties": { "element": "node", "id": 8997535696, "name": "America's Cup Harbor", "leisure": "park", "operator": null, "access": null, "opening_hours": null, "wikidata": null }, "geometry": { "type": "Point", "coordinates": [ -117.2245541, 32.7253595 ] } },
{ "type": "Feature", "properties": { "element": "node", "id": 9013060781, "name": "Rum Runner Point", "leisure": "park", "operator": null, "access": null, "opening_hours": "24/7", "wikidata": null }, "geometry": { "type": "Point", "coordinates": [ -117.256753, 32.7330678 ] } },
{ "type": "Feature", "properties": { "element": "node", "id": 9035698141, "name": "Reagan Glen", "leisure": "park", "operator": null, "access": null, "opening_hours": null, "wikidata": null }, "geometry": { "type": "Point", "coordinates": [ -117.144956300000018, 33.01890920000001 ] } },
{ "type": "Feature", "properties": { "element": "node", "id": 9793425530, "name": "Drum Circle Beach", "leisure": "park", "operator": null, "access": null, "opening_hours": "24/7", "wikidata": null }, "geometry": { "type": "Point", "coordinates": [ -117.253043, 32.7479975 ] } },
{ "type": "Feature", "properties": { "element": "node", "id": 10665470869, "name": null, "leisure": "park", "operator": null, "access": null, "opening_hours": null, "wikidata": null }, "geometry": { "type": "Point", "coordinates": [ -117.069453700000011, 32.910721 ] } },
{ "type": "Feature", "properties": { "element": "node", "id": 12769364301, "name": "Redwood Circle", "leisure": "park", "operator": null, "access": null, "opening_hours": null, "wikidata": null }, "geometry": { "type": "Point", "coordinates": [ -117.15709080000002, 32.7333171 ] } },
{ "type": "Feature", "properties": { "element": "node", "id": 12863279602, "name": "Maple Canyon Open Space", "leisure": "park", "operator": null, "access": null, "opening_hours": null, "wikidata": null }, "geometry": { "type": "Point", "coordinates": [ -117.1646648, 32.7346676 ] } },
{ "type": "Feature", "properties": { "element": "relation", "id": 3162362, "name": "Mission Bay Park", "leisure": "park", "operator": null, "access": null, "opening_hours": null, "wikidata": "Q49527093" }, "geometry": { "type": "Point", "coordinates": [ -117.217535767285142, 32.778572890428229 ] } },
{ "type": "Feature", "properties": { "element": "relation", "id": 3248312, "name": "Cabrillo Heights Park", "leisure": "park", "operator": null, "access": null, "opening_hours": null, "wikidata": "Q49476467" }, "geometry": { "type": "Point", "coordinates": [ -117.147700923226608, 32.805721523961779 ] } },
{ "type": "Feature", "properties": { "element": "relation", "id": 3248316, "name": "Murray Ridge Park", "leisure": "park", "operator": null, "access": null, "opening_hours": null, "wikidata": null }, "geometry": { "type": "Point", "coordinates": [ -117.146846613355279, 32.790469160665147 ] } },
{ "type": "Feature", "properties": { "element": "relation", "id": 3248317, "name": "Serra Mesa Community Park", "leisure": "park", "operator": null, "access": null, "opening_hours": null, "wikidata": "Q49559782" }, "geometry": { "type": "Point", "coordinates": [ -117.132359781607803, 32.805766918554987 ] } },
{ "type": "Feature", "properties": { "element": "relation", "id": 3284609, "name": "Morley Field Disk Golf Course", "leisure": "park", "operator": null, "access": null, "opening_hours": null, "wikidata": null }, "geometry": { "type": "Point", "coordinates": [ -117.13579481068939, 32.737484263689311 ] } },
{ "type": "Feature", "properties": { "element": "relation", "id": 3676655, "name": "Torrey Hills Neighborhood Park", "leisure": "park", "operator": "City of San Diego", "access": null, "opening_hours": null, "wikidata": null }, "geometry": { "type": "Point", "coordinates": [ -117.222737553370223, 32.917984518498734 ] } },
{ "type": "Feature", "properties": { "element": "relation", "id": 3821293, "name": "Ocean Air Recreation Center", "leisure": "park", "operator": null, "access": null, "opening_hours": null, "wikidata": null }, "geometry": { "type": "Point", "coordinates": [ -117.216799529944481, 32.927792022357792 ] } },
{ "type": "Feature", "properties": { "element": "relation", "id": 4080614, "name": null, "leisure": "park", "operator": null, "access": null, "opening_hours": null, "wikidata": null }, "geometry": { "type": "Point", "coordinates": [ -117.217378878090713, 32.800400721897219 ] } },
{ "type": "Feature", "properties": { "element": "relation", "id": 4080621, "name": "Colina del Sol Park", "leisure": "park", "operator": null, "access": null, "opening_hours": null, "wikidata": null }, "geometry": { "type": "Point", "coordinates": [ -117.081618653424741, 32.751589354137487 ] } },
{ "type": "Feature", "properties": { "element": "relation", "id": 5575443, "name": "Nobel Athletic Area", "leisure": "park", "operator": null, "access": null, "opening_hours": null, "wikidata": "Q49531822" }, "geometry": { "type": "Point", "coordinates": [ -117.199879886502416, 32.867379403403916 ] } },
{ "type": "Feature", "properties": { "element": "relation", "id": 7929512, "name": "Ashley Falls Park", "leisure": "park", "operator": null, "access": null, "opening_hours": null, "wikidata": null }, "geometry": { "type": "Point", "coordinates": [ -117.209006653079882, 32.957850341627989 ] } },
{ "type": "Feature", "properties": { "element": "relation", "id": 8515703, "name": "North Park Community Park", "leisure": "park", "operator": null, "access": null, "opening_hours": null, "wikidata": "Q49532675" }, "geometry": { "type": "Point", "coordinates": [ -117.13451867565955, 32.753130714614684 ] } },
{ "type": "Feature", "properties": { "element": "relation", "id": 12642369, "name": null, "leisure": "park", "operator": null, "access": null, "opening_hours": null, "wikidata": null }, "geometry": { "type": "Point", "coordinates": [ -117.164724351274984, 32.713882790882117 ] } },
{ "type": "Feature", "properties": { "element": "relation", "id": 13235164, "name": "Bill Cleator Community Park", "leisure": "park", "operator": null, "access": null, "opening_hours": null, "wikidata": "Q49478559" }, "geometry": { "type": "Point", "coordinates": [ -117.233236139104974, 32.747298677255763 ] } },
{ "type": "Feature", "properties": { "element": "relation", "id": 13316149, "name": "Heritage Park", "leisure": "park", "operator": null, "access": null, "opening_hours": null, "wikidata": null }, "geometry": { "type": "Point", "coordinates": [ -117.209457334304162, 32.689796877078415 ] } },
{ "type": "Feature", "properties": { "element": "relation", "id": 14965538, "name": "Ruocco Park", "leisure": "park", "operator": null, "access": null, "opening_hours": null, "wikidata": "Q28209761" }, "geometry": { "type": "Point", "coordinates": [ -117.172133448623043, 32.711023157567325 ] } },
{ "type": "Feature", "properties": { "element": "relation", "id": 14988553, "name": "Gallagher Square", "leisure": "park", "operator": null, "access": null, "opening_hours": null, "wikidata": "Q28209436" }, "geometry": { "type": "Point", "coordinates": [ -117.156948008410566, 32.708874697605637 ] } },
{ "type": "Feature", "properties": { "element": "relation", "id": 15082953, "name": "Balboa Park", "leisure": "park", "operator": null, "access": null, "opening_hours": null, "wikidata": "Q804697" }, "geometry": { "type": "Point", "coordinates": [ -117.145953383764123, 32.731643765694116 ] } },
{ "type": "Feature", "properties": { "element": "relation", "id": 18473582, "name": "Old Town San Diego State Historic Park", "leisure": "park", "operator": "California Department of Parks and Recreation", "access": null, "opening_hours": null, "wikidata": "Q49535339" }, "geometry": { "type": "Point", "coordinates": [ -117.197857016994931, 32.754346923697376 ] } },
{ "type": "Feature", "properties": { "element": "relation", "id": 20223223, "name": "Presidio Park", "leisure": "park", "operator": null, "access": null, "opening_hours": null, "wikidata": "Q49556905" }, "geometry": { "type": "Point", "coordinates": [ -117.193552105555568, 32.758341222140025 ] } },
{ "type": "Feature", "properties": { "element": "way", "id": 20944897, "name": "Hilltop Community Park", "leisure": "park", "operator": "City of San Diego Park & Recreation", "access": null, "opening_hours": "Su-Sa,PH unknown \"opening hour unknown\"; 22:00-02:00 off", "wikidata": "Q49501739" }, "geometry": { "type": "Point", "coordinates": [ -117.119059763940768, 32.971338777821096 ] } },
{ "type": "Feature", "properties": { "element": "way", "id": 25123297, "name": "Doyle Community Park", "leisure": "park", "operator": null, "access": null, "opening_hours": null, "wikidata": "Q49484190" }, "geometry": { "type": "Point", "coordinates": [ -117.219261360686474, 32.864597903491493 ] } },
{ "type": "Feature", "properties": { "element": "way", "id": 25123469, "name": "Mandell Weiss-Eastgate City Park", "leisure": "park", "operator": null, "access": null, "opening_hours": null, "wikidata": "Q49521178" }, "geometry": { "type": "Point", "coordinates": [ -117.217116767898887, 32.876319154664642 ] } },
{ "type": "Feature", "properties": { "element": "way", "id": 25125089, "name": "Villa La Jolla Park", "leisure": "park", "operator": null, "access": null, "opening_hours": null, "wikidata": "Q49575325" }, "geometry": { "type": "Point", "coordinates": [ -117.234307124073382, 32.857381986760281 ] } },
{ "type": "Feature", "properties": { "element": "way", "id": 25154784, "name": "Maddox Park", "leisure": "park", "operator": null, "access": null, "opening_hours": null, "wikidata": "Q49520550" }, "geometry": { "type": "Point", "coordinates": [ -117.15689979734266, 32.906694245422919 ] } },
{ "type": "Feature", "properties": { "element": "way", "id": 25498968, "name": "University Gardens Park", "leisure": "park", "operator": null, "access": null, "opening_hours": null, "wikidata": "Q49573326" }, "geometry": { "type": "Point", "coordinates": [ -117.190312040873636, 32.853918550589285 ] } },
{ "type": "Feature", "properties": { "element": "way", "id": 25965047, "name": null, "leisure": "park", "operator": null, "access": null, "opening_hours": null, "wikidata": null }, "geometry": { "type": "Point", "coordinates": [ -117.160826400000403, 32.710601150017645 ] } },
{ "type": "Feature", "properties": { "element": "way", "id": 26015510, "name": "Childrens Park", "leisure": "park", "operator": null, "access": null, "opening_hours": null, "wikidata": "Q28222724" }, "geometry": { "type": "Point", "coordinates": [ -117.164339724713855, 32.709741548048996 ] } },
{ "type": "Feature", "properties": { "element": "way", "id": 26513701, "name": "North Clairemont Community Park", "leisure": "park", "operator": null, "access": null, "opening_hours": null, "wikidata": null }, "geometry": { "type": "Point", "coordinates": [ -117.196877038064457, 32.83204891269181 ] } },
{ "type": "Feature", "properties": { "element": "way", "id": 30141770, "name": "Amici Park", "leisure": "park", "operator": null, "access": null, "opening_hours": null, "wikidata": "Q28035271" }, "geometry": { "type": "Point", "coordinates": [ -117.165494408308732, 32.723367717989277 ] } },
{ "type": "Feature", "properties": { "element": "way", "id": 30929735, "name": "Embarcadero Marina Park", "leisure": "park", "operator": null, "access": null, "opening_hours": null, "wikidata": "Q28002443" }, "geometry": { "type": "Point", "coordinates": [ -117.16874793016332, 32.70688383133956 ] } },
{ "type": "Feature", "properties": { "element": "way", "id": 30929743, "name": "Embarcadero Marina Park South", "leisure": "park", "operator": null, "access": null, "opening_hours": null, "wikidata": "Q25919062" }, "geometry": { "type": "Point", "coordinates": [ -117.164335736380806, 32.704132798682757 ] } },
{ "type": "Feature", "properties": { "element": "way", "id": 30986635, "name": "Pantoja Park", "leisure": "park", "operator": null, "access": null, "opening_hours": null, "wikidata": "Q7131878" }, "geometry": { "type": "Point", "coordinates": [ -117.167714328703241, 32.713412874726103 ] } },
{ "type": "Feature", "properties": { "element": "way", "id": 31126472, "name": "Cancer Survivor's Park", "leisure": "park", "operator": null, "access": null, "opening_hours": null, "wikidata": null }, "geometry": { "type": "Point", "coordinates": [ -117.199088669588591, 32.728964337305698 ] } },
{ "type": "Feature", "properties": { "element": "way", "id": 31356069, "name": "Ski Beach", "leisure": "park", "operator": null, "access": null, "opening_hours": null, "wikidata": null }, "geometry": { "type": "Point", "coordinates": [ -117.233750693685437, 32.7768682026474 ] } },
{ "type": "Feature", "properties": { "element": "way", "id": 31356125, "name": "Vacation Isle", "leisure": "park", "operator": null, "access": null, "opening_hours": null, "wikidata": null }, "geometry": { "type": "Point", "coordinates": [ -117.237304034099012, 32.772588843223431 ] } },
{ "type": "Feature", "properties": { "element": "way", "id": 31356306, "name": "Sunset Point - Mission Bay Park", "leisure": "park", "operator": null, "access": null, "opening_hours": null, "wikidata": null }, "geometry": { "type": "Point", "coordinates": [ -117.238796008567149, 32.766847150117613 ] } },
{ "type": "Feature", "properties": { "element": "way", "id": 31357299, "name": "Mariner's Point - Mission Bay Park", "leisure": "park", "operator": null, "access": null, "opening_hours": null, "wikidata": null }, "geometry": { "type": "Point", "coordinates": [ -117.245653256208556, 32.766338278916798 ] } },
{ "type": "Feature", "properties": { "element": "way", "id": 31376178, "name": "Mission Point - Mission Bay Park", "leisure": "park", "operator": null, "access": null, "opening_hours": null, "wikidata": null }, "geometry": { "type": "Point", "coordinates": [ -117.246392706767708, 32.760851678129569 ] } },
{ "type": "Feature", "properties": { "element": "way", "id": 31430139, "name": null, "leisure": "park", "operator": null, "access": null, "opening_hours": null, "wikidata": null }, "geometry": { "type": "Point", "coordinates": [ -117.165987894297601, 32.710463678621629 ] } },
{ "type": "Feature", "properties": { "element": "way", "id": 31430180, "name": "Martin Luther King, Jr. Promenade Park", "leisure": "park", "operator": null, "access": null, "opening_hours": null, "wikidata": "Q28209739" }, "geometry": { "type": "Point", "coordinates": [ -117.16213219164915, 32.708428971697124 ] } },
{ "type": "Feature", "properties": { "element": "way", "id": 31430228, "name": "Martin Luther King Jr Promenade", "leisure": "park", "operator": null, "access": null, "opening_hours": null, "wikidata": null }, "geometry": { "type": "Point", "coordinates": [ -117.158321022151867, 32.706275165705449 ] } },
{ "type": "Feature", "properties": { "element": "way", "id": 31482902, "name": "Ellen Browning Scripps Park", "leisure": "park", "operator": null, "access": null, "opening_hours": null, "wikidata": "Q49559039" }, "geometry": { "type": "Point", "coordinates": [ -117.274357507927263, 32.849882284186009 ] } },
{ "type": "Feature", "properties": { "element": "way", "id": 31483098, "name": "Culver Park Wedding Bowl", "leisure": "park", "operator": null, "access": null, "opening_hours": null, "wikidata": null }, "geometry": { "type": "Point", "coordinates": [ -117.27921841772779, 32.844125676121692 ] } },
{ "type": "Feature", "properties": { "element": "way", "id": 31483120, "name": "Culver Park", "leisure": "park", "operator": null, "access": null, "opening_hours": null, "wikidata": null }, "geometry": { "type": "Point", "coordinates": [ -117.280146607489499, 32.843524159779392 ] } },
{ "type": "Feature", "properties": { "element": "way", "id": 31926893, "name": "Ocean Beach Park", "leisure": "park", "operator": null, "access": null, "opening_hours": null, "wikidata": "Q49534615" }, "geometry": { "type": "Point", "coordinates": [ -117.251005056986273, 32.753709651333217 ] } },
{ "type": "Feature", "properties": { "element": "way", "id": 32218383, "name": "Mission Bay Park", "leisure": "park", "operator": null, "access": null, "opening_hours": null, "wikidata": null }, "geometry": { "type": "Point", "coordinates": [ -117.2481616805903, 32.769992707818986 ] } },
{ "type": "Feature", "properties": { "element": "way", "id": 32218596, "name": "Mission Beach Park", "leisure": "park", "operator": "City of San Diego", "access": null, "opening_hours": "24/7", "wikidata": null }, "geometry": { "type": "Point", "coordinates": [ -117.251999241035236, 32.768375788633257 ] } },
{ "type": "Feature", "properties": { "element": "way", "id": 32220974, "name": null, "leisure": "park", "operator": null, "access": null, "opening_hours": null, "wikidata": null }, "geometry": { "type": "Point", "coordinates": [ -117.251927723172514, 32.760184068831862 ] } },
{ "type": "Feature", "properties": { "element": "way", "id": 32498425, "name": "Palisades Park", "leisure": "park", "operator": null, "access": null, "opening_hours": null, "wikidata": "Q49537099" }, "geometry": { "type": "Point", "coordinates": [ -117.259654599271855, 32.802379153296371 ] } },
{ "type": "Feature", "properties": { "element": "way", "id": 32498811, "name": "Ocean Beach Community Park", "leisure": "park", "operator": null, "access": null, "opening_hours": null, "wikidata": "Q49534613" }, "geometry": { "type": "Point", "coordinates": [ -117.245996027142098, 32.744246280715771 ] } },
{ "type": "Feature", "properties": { "element": "way", "id": 32957142, "name": "Teralta Neighborhood Park", "leisure": "park", "operator": null, "access": null, "opening_hours": null, "wikidata": null }, "geometry": { "type": "Point", "coordinates": [ -117.108702800621941, 32.752145275243066 ] } },
{ "type": "Feature", "properties": { "element": "way", "id": 33069315, "name": "Cedar Ridge Park", "leisure": "park", "operator": null, "access": null, "opening_hours": null, "wikidata": null }, "geometry": { "type": "Point", "coordinates": [ -117.118361557182851, 32.722601998768937 ] } },
{ "type": "Feature", "properties": { "element": "way", "id": 34188152, "name": "Liberty Station South Promenade", "leisure": "park", "operator": null, "access": null, "opening_hours": null, "wikidata": null }, "geometry": { "type": "Point", "coordinates": [ -117.215518430451226, 32.736822168123936 ] } },
{ "type": "Feature", "properties": { "element": "way", "id": 34188161, "name": "Liberty Station North Promenade", "leisure": "park", "operator": null, "access": null, "opening_hours": null, "wikidata": null }, "geometry": { "type": "Point", "coordinates": [ -117.212826814511629, 32.739405899829215 ] } },
{ "type": "Feature", "properties": { "element": "way", "id": 34607556, "name": "N. Mountain View Mini-Park", "leisure": "park", "operator": null, "access": null, "opening_hours": null, "wikidata": null }, "geometry": { "type": "Point", "coordinates": [ -117.121389053096237, 32.770085708587658 ] } },
{ "type": "Feature", "properties": { "element": "way", "id": 37806258, "name": null, "leisure": "park", "operator": null, "access": null, "opening_hours": null, "wikidata": null }, "geometry": { "type": "Point", "coordinates": [ -117.119582887934229, 33.06321872457562 ] } },
{ "type": "Feature", "properties": { "element": "way", "id": 37861155, "name": "Ingram Plaza", "leisure": "park", "operator": null, "access": null, "opening_hours": null, "wikidata": null }, "geometry": { "type": "Point", "coordinates": [ -117.212874552826975, 32.737165727830728 ] } },
{ "type": "Feature", "properties": { "element": "way", "id": 37890917, "name": "Liberty Station NTC Park", "leisure": "park", "operator": null, "access": null, "opening_hours": null, "wikidata": null }, "geometry": { "type": "Point", "coordinates": [ -117.212640265749656, 32.735129560752512 ] } },
{ "type": "Feature", "properties": { "element": "way", "id": 37907677, "name": null, "leisure": "park", "operator": null, "access": null, "opening_hours": null, "wikidata": null }, "geometry": { "type": "Point", "coordinates": [ -117.220107450658645, 32.732006412918857 ] } },
{ "type": "Feature", "properties": { "element": "way", "id": 38020238, "name": null, "leisure": "park", "operator": null, "access": null, "opening_hours": null, "wikidata": null }, "geometry": { "type": "Point", "coordinates": [ -117.246369790645005, 32.866537311583329 ] } },
{ "type": "Feature", "properties": { "element": "way", "id": 38020249, "name": null, "leisure": "park", "operator": null, "access": null, "opening_hours": null, "wikidata": null }, "geometry": { "type": "Point", "coordinates": [ -117.245799857859865, 32.870149072123553 ] } },
{ "type": "Feature", "properties": { "element": "way", "id": 38023241, "name": "Theatre District", "leisure": "park", "operator": null, "access": null, "opening_hours": null, "wikidata": null }, "geometry": { "type": "Point", "coordinates": [ -117.240924727591604, 32.871422428574078 ] } },
{ "type": "Feature", "properties": { "element": "way", "id": 38063132, "name": null, "leisure": "park", "operator": null, "access": null, "opening_hours": null, "wikidata": null }, "geometry": { "type": "Point", "coordinates": [ -117.251022896999885, 32.865488806457272 ] } },
{ "type": "Feature", "properties": { "element": "way", "id": 38063799, "name": null, "leisure": "park", "operator": null, "access": null, "opening_hours": null, "wikidata": null }, "geometry": { "type": "Point", "coordinates": [ -117.249870415407926, 32.794212718261129 ] } },
{ "type": "Feature", "properties": { "element": "way", "id": 38076890, "name": null, "leisure": "park", "operator": null, "access": null, "opening_hours": null, "wikidata": null }, "geometry": { "type": "Point", "coordinates": [ -117.244548037865556, 32.7917833638557 ] } },
{ "type": "Feature", "properties": { "element": "way", "id": 38084764, "name": null, "leisure": "park", "operator": null, "access": null, "opening_hours": null, "wikidata": null }, "geometry": { "type": "Point", "coordinates": [ -117.249268834246479, 32.784189720725173 ] } },
{ "type": "Feature", "properties": { "element": "way", "id": 38088429, "name": "La Jolla Natural Park", "leisure": "park", "operator": null, "access": null, "opening_hours": null, "wikidata": "Q125307155" }, "geometry": { "type": "Point", "coordinates": [ -117.260881307042467, 32.843352000952628 ] } },
{ "type": "Feature", "properties": { "element": "way", "id": 38088645, "name": "Mount Soledad Natural Park", "leisure": "park", "operator": null, "access": null, "opening_hours": null, "wikidata": null }, "geometry": { "type": "Point", "coordinates": [ -117.241718546420501, 32.838299647033821 ] } },
{ "type": "Feature", "properties": { "element": "way", "id": 38088685, "name": null, "leisure": "park", "operator": null, "access": null, "opening_hours": null, "wikidata": null }, "geometry": { "type": "Point", "coordinates": [ -117.238336275280773, 32.844092729586606 ] } },
{ "type": "Feature", "properties": { "element": "way", "id": 38088740, "name": "Kate O Sessions Memorial Park", "leisure": "park", "operator": null, "access": null, "opening_hours": null, "wikidata": "Q49509457" }, "geometry": { "type": "Point", "coordinates": [ -117.238157649410724, 32.813161014184104 ] } },
{ "type": "Feature", "properties": { "element": "way", "id": 38088908, "name": "Crown Point", "leisure": "park", "operator": null, "access": null, "opening_hours": null, "wikidata": null }, "geometry": { "type": "Point", "coordinates": [ -117.233173049242808, 32.786291991680635 ] } },
{ "type": "Feature", "properties": { "element": "way", "id": 38089900, "name": null, "leisure": "park", "operator": null, "access": null, "opening_hours": null, "wikidata": null }, "geometry": { "type": "Point", "coordinates": [ -117.240805980597074, 32.888681371218702 ] } },
{ "type": "Feature", "properties": { "element": "way", "id": 38093240, "name": "Fannie and William Payne Joint-Use Field", "leisure": "park", "operator": null, "access": null, "opening_hours": null, "wikidata": null }, "geometry": { "type": "Point", "coordinates": [ -117.244354808633361, 32.80058417153824 ] } },
{ "type": "Feature", "properties": { "element": "way", "id": 38224476, "name": "Border Field State Park", "leisure": "park", "operator": null, "access": null, "opening_hours": null, "wikidata": null }, "geometry": { "type": "Point", "coordinates": [ -117.096731677906291, 32.556365565591527 ] } },
{ "type": "Feature", "properties": { "element": "way", "id": 38653697, "name": null, "leisure": "park", "operator": null, "access": null, "opening_hours": null, "wikidata": null }, "geometry": { "type": "Point", "coordinates": [ -117.221154260818281, 32.730769482767784 ] } },
{ "type": "Feature", "properties": { "element": "way", "id": 38653698, "name": null, "leisure": "park", "operator": null, "access": null, "opening_hours": null, "wikidata": null }, "geometry": { "type": "Point", "coordinates": [ -117.221655554556492, 32.730175323433713 ] } },
{ "type": "Feature", "properties": { "element": "way", "id": 39370094, "name": "Torrey Pines State Natural Reserve", "leisure": "park", "operator": null, "access": null, "opening_hours": null, "wikidata": null }, "geometry": { "type": "Point", "coordinates": [ -117.251095373570735, 32.940914155948789 ] } },
{ "type": "Feature", "properties": { "element": "way", "id": 39807189, "name": null, "leisure": "park", "operator": null, "access": null, "opening_hours": null, "wikidata": null }, "geometry": { "type": "Point", "coordinates": [ -117.227405328531759, 32.861451178077097 ] } },
{ "type": "Feature", "properties": { "element": "way", "id": 40187737, "name": "San Pasqual Battlefield State Historic Park", "leisure": "park", "operator": null, "access": null, "opening_hours": null, "wikidata": "Q7415077" }, "geometry": { "type": "Point", "coordinates": [ -116.985822677563604, 33.088385810171019 ] } },
{ "type": "Feature", "properties": { "element": "way", "id": 42707727, "name": "Old Trolley Barn Park", "leisure": "park", "operator": null, "access": null, "opening_hours": null, "wikidata": "Q49535355" }, "geometry": { "type": "Point", "coordinates": [ -117.143732499360198, 32.762924330992718 ] } },
{ "type": "Feature", "properties": { "element": "way", "id": 44500604, "name": "Mount Etna Park", "leisure": "park", "operator": null, "access": null, "opening_hours": null, "wikidata": "Q49528924" }, "geometry": { "type": "Point", "coordinates": [ -117.192143076524161, 32.822206574402756 ] } },
{ "type": "Feature", "properties": { "element": "way", "id": 44500627, "name": "Marian Bear Natural Memorial Park", "leisure": "park", "operator": null, "access": null, "opening_hours": null, "wikidata": null }, "geometry": { "type": "Point", "coordinates": [ -117.20550275104388, 32.842278897742077 ] } },
{ "type": "Feature", "properties": { "element": "way", "id": 44500640, "name": "La Jolla Athletic Park", "leisure": "park", "operator": null, "access": null, "opening_hours": null, "wikidata": null }, "geometry": { "type": "Point", "coordinates": [ -117.243564496397525, 32.867783214608615 ] } },
{ "type": "Feature", "properties": { "element": "way", "id": 44500659, "name": "Hourglass Field Community Park", "leisure": "park", "operator": null, "access": null, "opening_hours": null, "wikidata": "Q113243737" }, "geometry": { "type": "Point", "coordinates": [ -117.122138798484542, 32.906832393425226 ] } },
{ "type": "Feature", "properties": { "element": "way", "id": 44500666, "name": "Mountain View Park", "leisure": "park", "operator": null, "access": null, "opening_hours": null, "wikidata": null }, "geometry": { "type": "Point", "coordinates": [ -117.107365115019292, 32.700462275086686 ] } },
{ "type": "Feature", "properties": { "element": "way", "id": 44500698, "name": "Shoreline Park", "leisure": "park", "operator": null, "access": null, "opening_hours": null, "wikidata": "Q49561391" }, "geometry": { "type": "Point", "coordinates": [ -117.224455592585187, 32.71538014795216 ] } },
{ "type": "Feature", "properties": { "element": "way", "id": 44500705, "name": "Montezuma Park", "leisure": "park", "operator": null, "access": null, "opening_hours": null, "wikidata": null }, "geometry": { "type": "Point", "coordinates": [ -117.060309771408853, 32.767447733975125 ] } },
{ "type": "Feature", "properties": { "element": "way", "id": 44500706, "name": "Bird Rock Park", "leisure": "park", "operator": null, "access": null, "opening_hours": null, "wikidata": null }, "geometry": { "type": "Point", "coordinates": [ -117.262411437549574, 32.811297819506159 ] } },
{ "type": "Feature", "properties": { "element": "way", "id": 44500721, "name": "Tuna Harbor Park", "leisure": "park", "operator": "Port of San Diego", "access": null, "opening_hours": "24/7", "wikidata": null }, "geometry": { "type": "Point", "coordinates": [ -117.174015756389934, 32.713073453780702 ] } },
{ "type": "Feature", "properties": { "element": "way", "id": 44500727, "name": "San Ysidro Community Activity Center", "leisure": "park", "operator": null, "access": null, "opening_hours": null, "wikidata": null }, "geometry": { "type": "Point", "coordinates": [ -117.045773565424156, 32.56510935658666 ] } },
{ "type": "Feature", "properties": { "element": "way", "id": 44500782, "name": "Palm Ridge Park", "leisure": "park", "operator": null, "access": null, "opening_hours": null, "wikidata": null }, "geometry": { "type": "Point", "coordinates": [ -117.039284750027122, 32.582789932419082 ] } },
{ "type": "Feature", "properties": { "element": "way", "id": 44500807, "name": "Kellogg Park", "leisure": "park", "operator": null, "access": null, "opening_hours": null, "wikidata": "Q49509825" }, "geometry": { "type": "Point", "coordinates": [ -117.256594047306123, 32.857407215169594 ] } },
{ "type": "Feature", "properties": { "element": "way", "id": 44500989, "name": "Dr. Bertha O. Pendleton Park", "leisure": "park", "operator": null, "access": null, "opening_hours": null, "wikidata": null }, "geometry": { "type": "Point", "coordinates": [ -117.059809432860703, 32.762946966393905 ] } },
{ "type": "Feature", "properties": { "element": "way", "id": 44501000, "name": "Chicano Park", "leisure": "park", "operator": null, "access": null, "opening_hours": null, "wikidata": "Q5095939" }, "geometry": { "type": "Point", "coordinates": [ -117.142935687129921, 32.700288510887333 ] } },
{ "type": "Feature", "properties": { "element": "way", "id": 44501033, "name": "Mesa Viking Park", "leisure": "park", "operator": null, "access": null, "opening_hours": null, "wikidata": "Q49525585" }, "geometry": { "type": "Point", "coordinates": [ -117.13646990196834, 32.925432091154825 ] } },
{ "type": "Feature", "properties": { "element": "way", "id": 44501081, "name": "Dusty Rhodes Park", "leisure": "park", "operator": null, "access": null, "opening_hours": null, "wikidata": null }, "geometry": { "type": "Point", "coordinates": [ -117.238804885206577, 32.752222337044024 ] } },
{ "type": "Feature", "properties": { "element": "way", "id": 44501088, "name": "San Ysidro Community Park", "leisure": "park", "operator": null, "access": null, "opening_hours": null, "wikidata": "Q49557128" }, "geometry": { "type": "Point", "coordinates": [ -117.044323848776656, 32.554220888591146 ] } },
{ "type": "Feature", "properties": { "element": "way", "id": 44501090, "name": "Howard Lane Park", "leisure": "park", "operator": null, "access": null, "opening_hours": null, "wikidata": "Q49503518" }, "geometry": { "type": "Point", "coordinates": [ -117.06374018125139, 32.566644403062313 ] } },
{ "type": "Feature", "properties": { "element": "way", "id": 44501098, "name": "Sunset Cliffs Natural Park", "leisure": "park", "operator": null, "access": null, "opening_hours": null, "wikidata": null }, "geometry": { "type": "Point", "coordinates": [ -117.255148764309055, 32.717772443061726 ] } },
{ "type": "Feature", "properties": { "element": "way", "id": 44501103, "name": "Pioneer Park", "leisure": "park", "operator": null, "access": null, "opening_hours": null, "wikidata": null }, "geometry": { "type": "Point", "coordinates": [ -117.178017280322223, 32.749471955764669 ] } },
{ "type": "Feature", "properties": { "element": "way", "id": 44501107, "name": "Del Mar Trails Park", "leisure": "park", "operator": null, "access": null, "opening_hours": null, "wikidata": "Q49482554" }, "geometry": { "type": "Point", "coordinates": [ -117.218171560981276, 32.943137576476026 ] } },
{ "type": "Feature", "properties": { "element": "way", "id": 44501141, "name": "Allied Gardens Community Park", "leisure": "park", "operator": null, "access": null, "opening_hours": null, "wikidata": null }, "geometry": { "type": "Point", "coordinates": [ -117.081414126151444, 32.795816885650673 ] } },
{ "type": "Feature", "properties": { "element": "way", "id": 44501160, "name": "Linda Vista Community Park", "leisure": "park", "operator": null, "access": null, "opening_hours": null, "wikidata": null }, "geometry": { "type": "Point", "coordinates": [ -117.170446362714671, 32.792148521092074 ] } },
{ "type": "Feature", "properties": { "element": "way", "id": 44501163, "name": "Mesa Verde Park", "leisure": "park", "operator": null, "access": null, "opening_hours": null, "wikidata": "Q49525582" }, "geometry": { "type": "Point", "coordinates": [ -117.143783386920546, 32.905948912838682 ] } },
{ "type": "Feature", "properties": { "element": "way", "id": 44501165, "name": "Twin Trails Park", "leisure": "park", "operator": null, "access": null, "opening_hours": null, "wikidata": "Q49572846" }, "geometry": { "type": "Point", "coordinates": [ -117.134453127474643, 32.959267573585628 ] } },
{ "type": "Feature", "properties": { "element": "way", "id": 44501175, "name": "Clairemont Community Park", "leisure": "park", "operator": null, "access": null, "opening_hours": null, "wikidata": "Q49478375" }, "geometry": { "type": "Point", "coordinates": [ -117.199340782682796, 32.805921792404604 ] } },
{ "type": "Feature", "properties": { "element": "way", "id": 44501248, "name": "Nestor Park", "leisure": "park", "operator": null, "access": null, "opening_hours": null, "wikidata": "Q49531036" }, "geometry": { "type": "Point", "coordinates": [ -117.08119921562573, 32.571411936823729 ] } },
{ "type": "Feature", "properties": { "element": "way", "id": 44501283, "name": "Kearny Mesa Recreation Center", "leisure": "park", "operator": null, "access": null, "opening_hours": null, "wikidata": "Q49509633" }, "geometry": { "type": "Point", "coordinates": [ -117.167526431434993, 32.801060038211965 ] } },
{ "type": "Feature", "properties": { "element": "way", "id": 44501286, "name": "Silverwing Park", "leisure": "park", "operator": null, "access": null, "opening_hours": null, "wikidata": null }, "geometry": { "type": "Point", "coordinates": [ -117.052608074300409, 32.577610947199496 ] } },
{ "type": "Feature", "properties": { "element": "way", "id": 44501291, "name": "Views West Park", "leisure": "park", "operator": null, "access": null, "opening_hours": null, "wikidata": "Q49575141" }, "geometry": { "type": "Point", "coordinates": [ -117.115711391493974, 32.954882366817941 ] } },
{ "type": "Feature", "properties": { "element": "way", "id": 44501306, "name": "Crest Canyon Open Space Park", "leisure": "park", "operator": null, "access": null, "opening_hours": null, "wikidata": null }, "geometry": { "type": "Point", "coordinates": [ -117.253043691679935, 32.957299825233278 ] } },
{ "type": "Feature", "properties": { "element": "way", "id": 44501323, "name": "Spanish Landing Park", "leisure": "park", "operator": null, "access": null, "opening_hours": null, "wikidata": "Q49564223" }, "geometry": { "type": "Point", "coordinates": [ -117.205133094133885, 32.728788117427165 ] } },
{ "type": "Feature", "properties": { "element": "way", "id": 44501360, "name": "Horton Plaza Park", "leisure": "park", "operator": null, "access": null, "opening_hours": null, "wikidata": "Q25007145" }, "geometry": { "type": "Point", "coordinates": [ -117.161523731258782, 32.715107681533517 ] } },
{ "type": "Feature", "properties": { "element": "way", "id": 44501384, "name": "Calumet Park", "leisure": "park", "operator": null, "access": null, "opening_hours": null, "wikidata": "Q49476602" }, "geometry": { "type": "Point", "coordinates": [ -117.269352770189045, 32.810879014752786 ] } },
{ "type": "Feature", "properties": { "element": "way", "id": 44501385, "name": "Bayview Park", "leisure": "park", "operator": null, "access": null, "opening_hours": null, "wikidata": "Q49473923" }, "geometry": { "type": "Point", "coordinates": [ -117.178926128238786, 32.701800420432875 ] } },
{ "type": "Feature", "properties": { "element": "way", "id": 44501395, "name": "La Jolla Community Park", "leisure": "park", "operator": null, "access": null, "opening_hours": null, "wikidata": null }, "geometry": { "type": "Point", "coordinates": [ -117.277731382524209, 32.842923217352194 ] } },
{ "type": "Feature", "properties": { "element": "way", "id": 44501429, "name": "Harbor Island Park", "leisure": "park", "operator": "Port of San Diego", "access": null, "opening_hours": "Mo-Su 06:00-22:30", "wikidata": "Q49497856" }, "geometry": { "type": "Point", "coordinates": [ -117.203836816549185, 32.724935704030173 ] } },
{ "type": "Feature", "properties": { "element": "way", "id": 44501430, "name": "Carmel Creek Park", "leisure": "park", "operator": null, "access": null, "opening_hours": null, "wikidata": null }, "geometry": { "type": "Point", "coordinates": [ -117.224905656396402, 32.951929541678567 ] } },
{ "type": "Feature", "properties": { "element": "way", "id": 44501434, "name": "Highland Ranch Park", "leisure": "park", "operator": null, "access": null, "opening_hours": null, "wikidata": "Q49501199" }, "geometry": { "type": "Point", "coordinates": [ -117.072287202259361, 32.982352919727219 ] } },
{ "type": "Feature", "properties": { "element": "way", "id": 44501438, "name": "Vista Terrace Park", "leisure": "park", "operator": null, "access": null, "opening_hours": null, "wikidata": null }, "geometry": { "type": "Point", "coordinates": [ -117.051521868660103, 32.564373806389995 ] } },
{ "type": "Feature", "properties": { "element": "way", "id": 44501512, "name": "Western Hills Park", "leisure": "park", "operator": null, "access": null, "opening_hours": null, "wikidata": "Q49579257" }, "geometry": { "type": "Point", "coordinates": [ -117.196458885894216, 32.786591322696616 ] } },
{ "type": "Feature", "properties": { "element": "way", "id": 44501539, "name": null, "leisure": "park", "operator": null, "access": null, "opening_hours": null, "wikidata": null }, "geometry": { "type": "Point", "coordinates": [ -117.069514383502252, 32.549751871112399 ] } },
{ "type": "Feature", "properties": { "element": "way", "id": 44501573, "name": "South Bay Community Park", "leisure": "park", "operator": null, "access": null, "opening_hours": null, "wikidata": null }, "geometry": { "type": "Point", "coordinates": [ -117.093934438915269, 32.575489225760386 ] } },
{ "type": "Feature", "properties": { "element": "way", "id": 44501579, "name": "Memorial Community Park", "leisure": "park", "operator": null, "access": null, "opening_hours": null, "wikidata": null }, "geometry": { "type": "Point", "coordinates": [ -117.130607651335509, 32.699393129920814 ] } },
{ "type": "Feature", "properties": { "element": "way", "id": 44501607, "name": "Heritage Park", "leisure": "park", "operator": null, "access": null, "opening_hours": null, "wikidata": "Q14682219" }, "geometry": { "type": "Point", "coordinates": [ -117.191344850125276, 32.75317753440622 ] } },
{ "type": "Feature", "properties": { "element": "way", "id": 44501638, "name": null, "leisure": "park", "operator": null, "access": null, "opening_hours": null, "wikidata": null }, "geometry": { "type": "Point", "coordinates": [ -117.066801272697262, 32.549512204678194 ] } },
{ "type": "Feature", "properties": { "element": "way", "id": 44501644, "name": "Centennial Park", "leisure": "park", "operator": null, "access": null, "opening_hours": null, "wikidata": "Q49477421" }, "geometry": { "type": "Point", "coordinates": [ -117.171945014572003, 32.699628221476537 ] } },
{ "type": "Feature", "properties": { "element": "way", "id": 44501657, "name": "Overlook Park (Open Space)", "leisure": "park", "operator": null, "access": null, "opening_hours": null, "wikidata": null }, "geometry": { "type": "Point", "coordinates": [ -117.241844597425825, 32.961571461184974 ] } },
{ "type": "Feature", "properties": { "element": "way", "id": 44501669, "name": "Tecolote Canyon Natural Park", "leisure": "park", "operator": null, "access": null, "opening_hours": null, "wikidata": null }, "geometry": { "type": "Point", "coordinates": [ -117.187598531066428, 32.796691472419838 ] } },
{ "type": "Feature", "properties": { "element": "way", "id": 44501758, "name": "Sunnyslope Park", "leisure": "park", "operator": null, "access": null, "opening_hours": null, "wikidata": "Q49567656" }, "geometry": { "type": "Point", "coordinates": [ -117.07813253615879, 32.580999547520179 ] } },
{ "type": "Feature", "properties": { "element": "way", "id": 44501772, "name": "Montgomery Waller Community Park", "leisure": "park", "operator": null, "access": null, "opening_hours": null, "wikidata": null }, "geometry": { "type": "Point", "coordinates": [ -117.06868646653416, 32.580782491362292 ] } },
{ "type": "Feature", "properties": { "element": "way", "id": 44501776, "name": "Gershwin Park", "leisure": "park", "operator": null, "access": null, "opening_hours": null, "wikidata": "Q49493586" }, "geometry": { "type": "Point", "coordinates": [ -117.211384658573166, 32.834862506729095 ] } },
{ "type": "Feature", "properties": { "element": "way", "id": 51756140, "name": "Robb Field Ocean Beach Athletic Area", "leisure": "park", "operator": null, "access": null, "opening_hours": null, "wikidata": "Q49551871" }, "geometry": { "type": "Point", "coordinates": [ -117.241323819638581, 32.754177267764405 ] } },
{ "type": "Feature", "properties": { "element": "way", "id": 52833957, "name": "Pottery Canyon Natural Park", "leisure": "park", "operator": null, "access": null, "opening_hours": null, "wikidata": null }, "geometry": { "type": "Point", "coordinates": [ -117.243005389037592, 32.854371772184123 ] } },
{ "type": "Feature", "properties": { "element": "way", "id": 52854145, "name": null, "leisure": "park", "operator": null, "access": null, "opening_hours": null, "wikidata": null }, "geometry": { "type": "Point", "coordinates": [ -117.205323866249273, 32.868058738527516 ] } },
{ "type": "Feature", "properties": { "element": "way", "id": 52857895, "name": "Montrose Park", "leisure": "park", "operator": null, "access": null, "opening_hours": null, "wikidata": null }, "geometry": { "type": "Point", "coordinates": [ -117.209056312123835, 32.868016385863761 ] } },
{ "type": "Feature", "properties": { "element": "way", "id": 53396499, "name": "Crest Canyon Open Space Park", "leisure": "park", "operator": null, "access": null, "opening_hours": null, "wikidata": null }, "geometry": { "type": "Point", "coordinates": [ -117.250293886620227, 32.962876211384327 ] } },
{ "type": "Feature", "properties": { "element": "way", "id": 55333686, "name": "Marcy Park", "leisure": "park", "operator": null, "access": null, "opening_hours": null, "wikidata": "Q49521601" }, "geometry": { "type": "Point", "coordinates": [ -117.226148332469435, 32.844469863391176 ] } },
{ "type": "Feature", "properties": { "element": "way", "id": 60517311, "name": null, "leisure": "park", "operator": null, "access": null, "opening_hours": null, "wikidata": null }, "geometry": { "type": "Point", "coordinates": [ -117.17443580830448, 32.839470013258648 ] } },
{ "type": "Feature", "properties": { "element": "way", "id": 61760764, "name": "Walker-Wangenheim School Park", "leisure": "park", "operator": null, "access": null, "opening_hours": null, "wikidata": "Q49576384" }, "geometry": { "type": "Point", "coordinates": [ -117.125566129303223, 32.910860369365494 ] } },
{ "type": "Feature", "properties": { "element": "way", "id": 61766566, "name": "Westview Park", "leisure": "park", "operator": null, "access": null, "opening_hours": null, "wikidata": "Q49579555" }, "geometry": { "type": "Point", "coordinates": [ -117.120140111627578, 32.923216166354095 ] } },
{ "type": "Feature", "properties": { "element": "way", "id": 61770874, "name": "Sandburg Park", "leisure": "park", "operator": null, "access": null, "opening_hours": null, "wikidata": "Q49557305" }, "geometry": { "type": "Point", "coordinates": [ -117.148917831212785, 32.924621977043714 ] } },
{ "type": "Feature", "properties": { "element": "way", "id": 61770965, "name": "Winterwood Lane Community Park", "leisure": "park", "operator": null, "access": null, "opening_hours": null, "wikidata": null }, "geometry": { "type": "Point", "coordinates": [ -117.16003681696688, 32.914543107113147 ] } },
{ "type": "Feature", "properties": { "element": "way", "id": 61771934, "name": "Canyonside Community Park", "leisure": "park", "operator": null, "access": null, "opening_hours": "Mo-Su 06:00-23:00", "wikidata": "Q49476853" }, "geometry": { "type": "Point", "coordinates": [ -117.132637147878711, 32.941766383706437 ] } },
{ "type": "Feature", "properties": { "element": "way", "id": 61864721, "name": "Adobe Bluffs Park", "leisure": "park", "operator": null, "access": null, "opening_hours": null, "wikidata": null }, "geometry": { "type": "Point", "coordinates": [ -117.139445639180281, 32.972921442187882 ] } },
{ "type": "Feature", "properties": { "element": "way", "id": 62103020, "name": "Rolling Hills Park", "leisure": "park", "operator": null, "access": null, "opening_hours": null, "wikidata": "Q49553261" }, "geometry": { "type": "Point", "coordinates": [ -117.091854360341429, 32.991673391106161 ] } },
{ "type": "Feature", "properties": { "element": "way", "id": 62103231, "name": "Lopez Ridge Park", "leisure": "park", "operator": null, "access": null, "opening_hours": null, "wikidata": null }, "geometry": { "type": "Point", "coordinates": [ -117.167524548820964, 32.921094878410877 ] } },
{ "type": "Feature", "properties": { "element": "way", "id": 82697483, "name": "Montclair Park", "leisure": "park", "operator": null, "access": null, "opening_hours": null, "wikidata": null }, "geometry": { "type": "Point", "coordinates": [ -117.115849796538797, 32.735033048243729 ] } },
{ "type": "Feature", "properties": { "element": "way", "id": 82698140, "name": null, "leisure": "park", "operator": null, "access": null, "opening_hours": null, "wikidata": null }, "geometry": { "type": "Point", "coordinates": [ -117.121668153954957, 32.743936850609259 ] } },
{ "type": "Feature", "properties": { "element": "way", "id": 83065970, "name": "Garfield Mixed Use Field", "leisure": "park", "operator": null, "access": null, "opening_hours": null, "wikidata": null }, "geometry": { "type": "Point", "coordinates": [ -117.134368425756264, 32.757627200292326 ] } },
{ "type": "Feature", "properties": { "element": "way", "id": 85333197, "name": "University Village Park", "leisure": "park", "operator": null, "access": null, "opening_hours": null, "wikidata": "Q49573427" }, "geometry": { "type": "Point", "coordinates": [ -117.191676164228141, 32.858872873421809 ] } },
{ "type": "Feature", "properties": { "element": "way", "id": 86811572, "name": "Park De La Cruz", "leisure": "park", "operator": null, "access": null, "opening_hours": null, "wikidata": "Q49539303" }, "geometry": { "type": "Point", "coordinates": [ -117.110941949188174, 32.745115954200642 ] } },
{ "type": "Feature", "properties": { "element": "way", "id": 101476603, "name": "Vista Pacifica Park", "leisure": "park", "operator": null, "access": null, "opening_hours": null, "wikidata": null }, "geometry": { "type": "Point", "coordinates": [ -117.005549749608178, 32.581671606704184 ] } },
{ "type": "Feature", "properties": { "element": "way", "id": 101623498, "name": "Larsen Field", "leisure": "park", "operator": null, "access": null, "opening_hours": null, "wikidata": "Q49514716" }, "geometry": { "type": "Point", "coordinates": [ -117.045659680515911, 32.546293347782701 ] } },
{ "type": "Feature", "properties": { "element": "way", "id": 101676939, "name": "Berry Park", "leisure": "park", "operator": null, "access": null, "opening_hours": null, "wikidata": "Q49474510" }, "geometry": { "type": "Point", "coordinates": [ -117.088848374917106, 32.567340973127074 ] } },
{ "type": "Feature", "properties": { "element": "way", "id": 101682600, "name": "Tierrasanta Community Park", "leisure": "park", "operator": null, "access": null, "opening_hours": null, "wikidata": "Q49570709" }, "geometry": { "type": "Point", "coordinates": [ -117.088403946308418, 32.830322105873975 ] } },
{ "type": "Feature", "properties": { "element": "way", "id": 101683971, "name": "Roadrunner Park", "leisure": "park", "operator": null, "access": null, "opening_hours": null, "wikidata": null }, "geometry": { "type": "Point", "coordinates": [ -117.100707138623449, 32.818714385808939 ] } },
{ "type": "Feature", "properties": { "element": "way", "id": 101919282, "name": "East Clairemont Athletic Area", "leisure": "park", "operator": null, "access": null, "opening_hours": null, "wikidata": "Q49485083" }, "geometry": { "type": "Point", "coordinates": [ -117.183331923884367, 32.803608245052978 ] } },
{ "type": "Feature", "properties": { "element": "way", "id": 102521476, "name": "Olive Grove Community Park", "leisure": "park", "operator": null, "access": null, "opening_hours": null, "wikidata": "Q49535481" }, "geometry": { "type": "Point", "coordinates": [ -117.170990915343197, 32.826544041512648 ] } },
{ "type": "Feature", "properties": { "element": "way", "id": 102521502, "name": "Lindbergh Park", "leisure": "park", "operator": null, "access": null, "opening_hours": null, "wikidata": null }, "geometry": { "type": "Point", "coordinates": [ -117.162232957863111, 32.818956202595288 ] } },
{ "type": "Feature", "properties": { "element": "way", "id": 102521666, "name": "Mount Acadia Park", "leisure": "park", "operator": null, "access": null, "opening_hours": null, "wikidata": "Q49528823" }, "geometry": { "type": "Point", "coordinates": [ -117.18041312862195, 32.81231730946228 ] } },
{ "type": "Feature", "properties": { "element": "way", "id": 102652539, "name": "Mission Heights Park", "leisure": "park", "operator": null, "access": null, "opening_hours": null, "wikidata": "Q49527113" }, "geometry": { "type": "Point", "coordinates": [ -117.166468911841889, 32.775423982041112 ] } },
{ "type": "Feature", "properties": { "element": "way", "id": 103497778, "name": "Cadman Community Park", "leisure": "park", "operator": null, "access": null, "opening_hours": null, "wikidata": null }, "geometry": { "type": "Point", "coordinates": [ -117.215223763256418, 32.820603954222307 ] } },
{ "type": "Feature", "properties": { "element": "way", "id": 103761090, "name": null, "leisure": "park", "operator": null, "access": null, "opening_hours": null, "wikidata": null }, "geometry": { "type": "Point", "coordinates": [ -117.196565557166437, 32.928402382437682 ] } },
{ "type": "Feature", "properties": { "element": "way", "id": 104946030, "name": "Azalea Park", "leisure": "park", "operator": null, "access": null, "opening_hours": null, "wikidata": null }, "geometry": { "type": "Point", "coordinates": [ -117.108364333721113, 32.732196312202866 ] } },
{ "type": "Feature", "properties": { "element": "way", "id": 104946319, "name": "Grant Hill Park", "leisure": "park", "operator": null, "access": null, "opening_hours": null, "wikidata": null }, "geometry": { "type": "Point", "coordinates": [ -117.137200617824135, 32.709721640802854 ] } },
{ "type": "Feature", "properties": { "element": "way", "id": 104946435, "name": "Cesar Chavez Park", "leisure": "park", "operator": "Port of San Diego", "access": null, "opening_hours": null, "wikidata": null }, "geometry": { "type": "Point", "coordinates": [ -117.150262413610918, 32.696545438742021 ] } },
{ "type": "Feature", "properties": { "element": "way", "id": 105568747, "name": null, "leisure": "park", "operator": null, "access": null, "opening_hours": null, "wikidata": null }, "geometry": { "type": "Point", "coordinates": [ -117.099992322344477, 32.825479950217712 ] } },
{ "type": "Feature", "properties": { "element": "way", "id": 105781635, "name": "Mira Mesa Community Park Expansion", "leisure": "park", "operator": null, "access": null, "opening_hours": null, "wikidata": null }, "geometry": { "type": "Point", "coordinates": [ -117.139283539171913, 32.916455744481993 ] } },
{ "type": "Feature", "properties": { "element": "way", "id": 105951167, "name": null, "leisure": "park", "operator": null, "access": null, "opening_hours": null, "wikidata": null }, "geometry": { "type": "Point", "coordinates": [ -117.088669042929681, 32.836449101231331 ] } },
{ "type": "Feature", "properties": { "element": "way", "id": 106858858, "name": "Gompers Park", "leisure": "park", "operator": null, "access": null, "opening_hours": null, "wikidata": null }, "geometry": { "type": "Point", "coordinates": [ -117.088830096971321, 32.715993840897056 ] } },
{ "type": "Feature", "properties": { "element": "way", "id": 106860259, "name": "Oak Park", "leisure": "park", "operator": null, "access": null, "opening_hours": null, "wikidata": null }, "geometry": { "type": "Point", "coordinates": [ -117.083047663406433, 32.732553850113796 ] } },
{ "type": "Feature", "properties": { "element": "way", "id": 106973314, "name": "Parkside Park", "leisure": "park", "operator": null, "access": null, "opening_hours": null, "wikidata": "Q49539566" }, "geometry": { "type": "Point", "coordinates": [ -117.05223924387623, 32.66769458179656 ] } },
{ "type": "Feature", "properties": { "element": "way", "id": 107268876, "name": "Martin Luther King Jr Memorial Community Park", "leisure": "park", "operator": null, "access": null, "opening_hours": null, "wikidata": "Q49522211" }, "geometry": { "type": "Point", "coordinates": [ -117.060312207212434, 32.699213092336116 ] } },
{ "type": "Feature", "properties": { "element": "way", "id": 107269127, "name": "Wideman Memorial Park", "leisure": "park", "operator": null, "access": null, "opening_hours": null, "wikidata": null }, "geometry": { "type": "Point", "coordinates": [ -117.052470765318063, 32.71056401291893 ] } },
{ "type": "Feature", "properties": { "element": "way", "id": 107269446, "name": "Encanto Community Park", "leisure": "park", "operator": null, "access": null, "opening_hours": null, "wikidata": null }, "geometry": { "type": "Point", "coordinates": [ -117.056896092129719, 32.715722988256232 ] } },
{ "type": "Feature", "properties": { "element": "way", "id": 108063981, "name": "John F Kennedy Park", "leisure": "park", "operator": null, "access": null, "opening_hours": null, "wikidata": null }, "geometry": { "type": "Point", "coordinates": [ -117.091078994002459, 32.699577347889665 ] } },
{ "type": "Feature", "properties": { "element": "way", "id": 108064395, "name": "Southcrest Community Park", "leisure": "park", "operator": null, "access": null, "opening_hours": null, "wikidata": null }, "geometry": { "type": "Point", "coordinates": [ -117.105599385361444, 32.693343161516779 ] } },
{ "type": "Feature", "properties": { "element": "way", "id": 109830790, "name": "Skyline Community Park", "leisure": "park", "operator": null, "access": null, "opening_hours": null, "wikidata": "Q49562279" }, "geometry": { "type": "Point", "coordinates": [ -117.025190297732834, 32.705394591775004 ] } },
{ "type": "Feature", "properties": { "element": "way", "id": 109830966, "name": "Lomita Park", "leisure": "park", "operator": null, "access": null, "opening_hours": null, "wikidata": "Q49518780" }, "geometry": { "type": "Point", "coordinates": [ -117.028117686451466, 32.709782171032764 ] } },
{ "type": "Feature", "properties": { "element": "way", "id": 109831063, "name": "Keiller Neighborhood Park", "leisure": "park", "operator": "City of San Diego", "access": null, "opening_hours": null, "wikidata": null }, "geometry": { "type": "Point", "coordinates": [ -117.041418417645232, 32.713410424840255 ] } },
{ "type": "Feature", "properties": { "element": "way", "id": 109831289, "name": "Skyview Park", "leisure": "park", "operator": null, "access": null, "opening_hours": null, "wikidata": null }, "geometry": { "type": "Point", "coordinates": [ -117.0417548826087, 32.704421572618173 ] } },
{ "type": "Feature", "properties": { "element": "way", "id": 109831399, "name": "Boone Park", "leisure": "park", "operator": null, "access": null, "opening_hours": null, "wikidata": "Q49475298" }, "geometry": { "type": "Point", "coordinates": [ -117.03767868042334, 32.697743483136072 ] } },
{ "type": "Feature", "properties": { "element": "way", "id": 109831791, "name": "Bay Terrace Community Park", "leisure": "park", "operator": null, "access": null, "opening_hours": null, "wikidata": null }, "geometry": { "type": "Point", "coordinates": [ -117.035648919801261, 32.68113360428422 ] } },
{ "type": "Feature", "properties": { "element": "way", "id": 109938305, "name": "Dailard Park", "leisure": "park", "operator": null, "access": null, "opening_hours": null, "wikidata": null }, "geometry": { "type": "Point", "coordinates": [ -117.053548703375327, 32.806782797677172 ] } },
{ "type": "Feature", "properties": { "element": "way", "id": 109938495, "name": "Tuxedo Park", "leisure": "park", "operator": null, "access": null, "opening_hours": null, "wikidata": null }, "geometry": { "type": "Point", "coordinates": [ -117.046934205381149, 32.809552491683633 ] } },
{ "type": "Feature", "properties": { "element": "way", "id": 109938655, "name": "Rancho Mission Canyon Park", "leisure": "park", "operator": null, "access": null, "opening_hours": null, "wikidata": null }, "geometry": { "type": "Point", "coordinates": [ -117.064666414250681, 32.807021473995363 ] } },
{ "type": "Feature", "properties": { "element": "way", "id": 113101325, "name": "Fannie and William Payne Joint-Use Field", "leisure": "park", "operator": null, "access": null, "opening_hours": null, "wikidata": null }, "geometry": { "type": "Point", "coordinates": [ -117.244476368036644, 32.800980438144904 ] } },
{ "type": "Feature", "properties": { "element": "way", "id": 113102855, "name": "Cliffridge Park", "leisure": "park", "operator": null, "access": null, "opening_hours": null, "wikidata": "Q49478599" }, "geometry": { "type": "Point", "coordinates": [ -117.243963420739959, 32.857743206934614 ] } },
{ "type": "Feature", "properties": { "element": "way", "id": 114207212, "name": "San Carlos Community Park", "leisure": "park", "operator": null, "access": null, "opening_hours": null, "wikidata": null }, "geometry": { "type": "Point", "coordinates": [ -117.020708528642388, 32.798522043837018 ] } },
{ "type": "Feature", "properties": { "element": "way", "id": 118505737, "name": "Camino Ruiz Park", "leisure": "park", "operator": null, "access": null, "opening_hours": null, "wikidata": null }, "geometry": { "type": "Point", "coordinates": [ -117.146818180555925, 32.934147554399409 ] } },
{ "type": "Feature", "properties": { "element": "way", "id": 121195127, "name": null, "leisure": "park", "operator": null, "access": null, "opening_hours": null, "wikidata": null }, "geometry": { "type": "Point", "coordinates": [ -117.151280834789389, 32.939556803336167 ] } },
{ "type": "Feature", "properties": { "element": "way", "id": 121196895, "name": null, "leisure": "park", "operator": null, "access": null, "opening_hours": null, "wikidata": null }, "geometry": { "type": "Point", "coordinates": [ -117.205407627911413, 32.926497943921575 ] } },
{ "type": "Feature", "properties": { "element": "way", "id": 121980762, "name": "Dennis V Allen Park", "leisure": "park", "operator": null, "access": null, "opening_hours": null, "wikidata": null }, "geometry": { "type": "Point", "coordinates": [ -117.111726182182608, 32.713173137843079 ] } },
{ "type": "Feature", "properties": { "element": "way", "id": 122092729, "name": "Solana Highlands Park", "leisure": "park", "operator": null, "access": null, "opening_hours": null, "wikidata": null }, "geometry": { "type": "Point", "coordinates": [ -117.238752013165495, 32.95610911670142 ] } },
{ "type": "Feature", "properties": { "element": "way", "id": 122210593, "name": null, "leisure": "park", "operator": null, "access": null, "opening_hours": null, "wikidata": null }, "geometry": { "type": "Point", "coordinates": [ -117.227460681466482, 32.940150847094785 ] } },
{ "type": "Feature", "properties": { "element": "way", "id": 122210685, "name": "Carmel Grove Park", "leisure": "park", "operator": null, "access": null, "opening_hours": null, "wikidata": null }, "geometry": { "type": "Point", "coordinates": [ -117.231730441511431, 32.941868134162384 ] } },
{ "type": "Feature", "properties": { "element": "way", "id": 122210935, "name": null, "leisure": "park", "operator": null, "access": null, "opening_hours": null, "wikidata": null }, "geometry": { "type": "Point", "coordinates": [ -117.23392503326734, 32.948186810456512 ] } },
{ "type": "Feature", "properties": { "element": "way", "id": 122211306, "name": null, "leisure": "park", "operator": null, "access": null, "opening_hours": null, "wikidata": null }, "geometry": { "type": "Point", "coordinates": [ -117.225273087294411, 32.94828346344287 ] } },
{ "type": "Feature", "properties": { "element": "way", "id": 122211736, "name": "Carmel Mission Park", "leisure": "park", "operator": null, "access": null, "opening_hours": null, "wikidata": null }, "geometry": { "type": "Point", "coordinates": [ -117.221540326768661, 32.9476030777871 ] } },
{ "type": "Feature", "properties": { "element": "way", "id": 122211994, "name": "Carmel Knolls Park", "leisure": "park", "operator": null, "access": null, "opening_hours": null, "wikidata": null }, "geometry": { "type": "Point", "coordinates": [ -117.214065728749148, 32.950475689791659 ] } },
{ "type": "Feature", "properties": { "element": "way", "id": 122742007, "name": null, "leisure": "park", "operator": null, "access": null, "opening_hours": null, "wikidata": null }, "geometry": { "type": "Point", "coordinates": [ -117.161751166624896, 32.994899054717983 ] } },
{ "type": "Feature", "properties": { "element": "way", "id": 124693291, "name": "Collier Park", "leisure": "park", "operator": null, "access": null, "opening_hours": null, "wikidata": "Q49479127" }, "geometry": { "type": "Point", "coordinates": [ -117.235237610191788, 32.747564068726476 ] } },
{ "type": "Feature", "properties": { "element": "way", "id": 124963008, "name": "Jerabek Park", "leisure": "park", "operator": null, "access": null, "opening_hours": null, "wikidata": null }, "geometry": { "type": "Point", "coordinates": [ -117.082294046959618, 32.910839604589789 ] } },
{ "type": "Feature", "properties": { "element": "way", "id": 124963551, "name": "Cypress Canyon Park", "leisure": "park", "operator": null, "access": null, "opening_hours": null, "wikidata": null }, "geometry": { "type": "Point", "coordinates": [ -117.065318669065434, 32.925135960815346 ] } },
{ "type": "Feature", "properties": { "element": "way", "id": 126866645, "name": "Sabre Springs Park", "leisure": "park", "operator": null, "access": null, "opening_hours": null, "wikidata": null }, "geometry": { "type": "Point", "coordinates": [ -117.096278569410643, 32.95081905879502 ] } },
{ "type": "Feature", "properties": { "element": "way", "id": 128953740, "name": null, "leisure": "park", "operator": null, "access": null, "opening_hours": null, "wikidata": null }, "geometry": { "type": "Point", "coordinates": [ -117.111672342269728, 32.821251972270275 ] } },
{ "type": "Feature", "properties": { "element": "way", "id": 128953746, "name": null, "leisure": "park", "operator": null, "access": null, "opening_hours": null, "wikidata": null }, "geometry": { "type": "Point", "coordinates": [ -117.111321891805673, 32.817304480372187 ] } },
{ "type": "Feature", "properties": { "element": "way", "id": 129182897, "name": "South Creek Park", "leisure": "park", "operator": null, "access": null, "opening_hours": null, "wikidata": "Q113125582" }, "geometry": { "type": "Point", "coordinates": [ -117.079641742096584, 32.94275913181837 ] } },
{ "type": "Feature", "properties": { "element": "way", "id": 129196989, "name": "Lake View Park", "leisure": "park", "operator": null, "access": null, "opening_hours": null, "wikidata": null }, "geometry": { "type": "Point", "coordinates": [ -117.08779820940893, 32.918532995208651 ] } },
{ "type": "Feature", "properties": { "element": "way", "id": 129205786, "name": null, "leisure": "park", "operator": null, "access": null, "opening_hours": null, "wikidata": null }, "geometry": { "type": "Point", "coordinates": [ -117.207089665049935, 32.867324323665649 ] } },
{ "type": "Feature", "properties": { "element": "way", "id": 129377451, "name": "Rose Canyon Open Space", "leisure": "park", "operator": null, "access": null, "opening_hours": null, "wikidata": null }, "geometry": { "type": "Point", "coordinates": [ -117.195473144666337, 32.865862369249577 ] } },
{ "type": "Feature", "properties": { "element": "way", "id": 129379539, "name": "Rose Canyon Open Space", "leisure": "park", "operator": null, "access": null, "opening_hours": null, "wikidata": null }, "geometry": { "type": "Point", "coordinates": [ -117.195504521191026, 32.86242739764571 ] } },
{ "type": "Feature", "properties": { "element": "way", "id": 129380287, "name": "Rose Canyon Open Space", "leisure": "park", "operator": null, "access": null, "opening_hours": null, "wikidata": null }, "geometry": { "type": "Point", "coordinates": [ -117.21028352248085, 32.862155366790098 ] } },
{ "type": "Feature", "properties": { "element": "way", "id": 129732428, "name": "Grantville Neighborhood Park", "leisure": "park", "operator": null, "access": null, "opening_hours": null, "wikidata": null }, "geometry": { "type": "Point", "coordinates": [ -117.094901162824158, 32.787295054818422 ] } },
{ "type": "Feature", "properties": { "element": "way", "id": 129898263, "name": null, "leisure": "park", "operator": null, "access": null, "opening_hours": null, "wikidata": null }, "geometry": { "type": "Point", "coordinates": [ -117.209267848721311, 32.850445297449298 ] } },
{ "type": "Feature", "properties": { "element": "way", "id": 130103519, "name": null, "leisure": "park", "operator": null, "access": null, "opening_hours": null, "wikidata": null }, "geometry": { "type": "Point", "coordinates": [ -117.02656091774557, 32.582011048832626 ] } },
{ "type": "Feature", "properties": { "element": "way", "id": 130346148, "name": "Bayview Hills Green Park", "leisure": "park", "operator": null, "access": null, "opening_hours": null, "wikidata": null }, "geometry": { "type": "Point", "coordinates": [ -117.06228997841491, 32.682569859474462 ] } },
{ "type": "Feature", "properties": { "element": "way", "id": 130385115, "name": "Polaris Breen Park", "leisure": "park", "operator": null, "access": null, "opening_hours": null, "wikidata": null }, "geometry": { "type": "Point", "coordinates": [ -117.129844433753263, 32.923482103921742 ] } },
{ "type": "Feature", "properties": { "element": "way", "id": 130507443, "name": "Princess del Cerro Park", "leisure": "park", "operator": null, "access": null, "opening_hours": null, "wikidata": null }, "geometry": { "type": "Point", "coordinates": [ -117.067552109071656, 32.789067979258576 ] } },
{ "type": "Feature", "properties": { "element": "way", "id": 131712219, "name": "Los Peñasquitos Canyon Park", "leisure": "park", "operator": null, "access": null, "opening_hours": null, "wikidata": null }, "geometry": { "type": "Point", "coordinates": [ -117.128943025625532, 32.938281386025061 ] } },
{ "type": "Feature", "properties": { "element": "way", "id": 133055389, "name": "Waterfront Park", "leisure": "park", "operator": null, "access": null, "opening_hours": null, "wikidata": null }, "geometry": { "type": "Point", "coordinates": [ -117.172100311346171, 32.722041897306894 ] } },
{ "type": "Feature", "properties": { "element": "way", "id": 133123490, "name": "Willie Henderson Sports Complex", "leisure": "park", "operator": null, "access": null, "opening_hours": null, "wikidata": null }, "geometry": { "type": "Point", "coordinates": [ -117.096736614234175, 32.69473672869492 ] } },
{ "type": "Feature", "properties": { "element": "way", "id": 133427095, "name": "Emerald Hills Park", "leisure": "park", "operator": null, "access": null, "opening_hours": null, "wikidata": null }, "geometry": { "type": "Point", "coordinates": [ -117.073603629025243, 32.721387597198266 ] } },
{ "type": "Feature", "properties": { "element": "way", "id": 153740111, "name": null, "leisure": "park", "operator": null, "access": null, "opening_hours": null, "wikidata": null }, "geometry": { "type": "Point", "coordinates": [ -117.251809005318975, 32.715340874688842 ] } },
{ "type": "Feature", "properties": { "element": "way", "id": 155532850, "name": null, "leisure": "park", "operator": null, "access": null, "opening_hours": null, "wikidata": null }, "geometry": { "type": "Point", "coordinates": [ -117.149137637517313, 32.99347898602457 ] } },
{ "type": "Feature", "properties": { "element": "way", "id": 156277987, "name": "Rancho Bernardo Community Park", "leisure": "park", "operator": null, "access": null, "opening_hours": null, "wikidata": "Q49547966" }, "geometry": { "type": "Point", "coordinates": [ -117.075564603120711, 33.047449152030786 ] } },
{ "type": "Feature", "properties": { "element": "way", "id": 156278246, "name": null, "leisure": "park", "operator": null, "access": null, "opening_hours": null, "wikidata": null }, "geometry": { "type": "Point", "coordinates": [ -117.083825853038718, 33.02837771855507 ] } },
{ "type": "Feature", "properties": { "element": "way", "id": 156576278, "name": "Officer Jeremy Henwood Memorial Park", "leisure": "park", "operator": null, "access": null, "opening_hours": null, "wikidata": null }, "geometry": { "type": "Point", "coordinates": [ -117.099593043916627, 32.746818767836309 ] } },
{ "type": "Feature", "properties": { "element": "way", "id": 156751871, "name": "Adams Avenue Park", "leisure": "park", "operator": null, "access": null, "opening_hours": null, "wikidata": "Q49471865" }, "geometry": { "type": "Point", "coordinates": [ -117.117836288344307, 32.762779623051038 ] } },
{ "type": "Feature", "properties": { "element": "way", "id": 157920246, "name": null, "leisure": "park", "operator": null, "access": null, "opening_hours": null, "wikidata": null }, "geometry": { "type": "Point", "coordinates": [ -117.128698423661547, 32.920259700838237 ] } },
{ "type": "Feature", "properties": { "element": "way", "id": 157920253, "name": null, "leisure": "park", "operator": null, "access": null, "opening_hours": null, "wikidata": null }, "geometry": { "type": "Point", "coordinates": [ -117.131948401266783, 32.926829655795139 ] } },
{ "type": "Feature", "properties": { "element": "way", "id": 157976982, "name": "Tecolote Park", "leisure": "park", "operator": null, "access": null, "opening_hours": null, "wikidata": "Q49569413" }, "geometry": { "type": "Point", "coordinates": [ -117.199340872745125, 32.77459515581004 ] } },
{ "type": "Feature", "properties": { "element": "way", "id": 159074768, "name": "Ward Canyon Park", "leisure": "park", "operator": null, "access": null, "opening_hours": null, "wikidata": null }, "geometry": { "type": "Point", "coordinates": [ -117.110721365705672, 32.761949256264593 ] } },
{ "type": "Feature", "properties": { "element": "way", "id": 160432937, "name": null, "leisure": "park", "operator": null, "access": null, "opening_hours": null, "wikidata": null }, "geometry": { "type": "Point", "coordinates": [ -117.21970371326492, 32.726973907356381 ] } },
{ "type": "Feature", "properties": { "element": "way", "id": 160434233, "name": "Point Loma Community Park", "leisure": "park", "operator": null, "access": null, "opening_hours": null, "wikidata": null }, "geometry": { "type": "Point", "coordinates": [ -117.243505446388028, 32.724836164681754 ] } },
{ "type": "Feature", "properties": { "element": "way", "id": 160696381, "name": "Spring Canyon Neighborhood Park", "leisure": "park", "operator": "City of San Diego Park & Recreation Department", "access": null, "opening_hours": null, "wikidata": "Q113288522" }, "geometry": { "type": "Point", "coordinates": [ -117.09420617392253, 32.934638502085598 ] } },
{ "type": "Feature", "properties": { "element": "way", "id": 165902797, "name": null, "leisure": "park", "operator": null, "access": null, "opening_hours": null, "wikidata": null }, "geometry": { "type": "Point", "coordinates": [ -117.161323855991284, 32.967621240517609 ] } },
{ "type": "Feature", "properties": { "element": "way", "id": 169405265, "name": null, "leisure": "park", "operator": null, "access": null, "opening_hours": null, "wikidata": null }, "geometry": { "type": "Point", "coordinates": [ -117.243599248782374, 32.769919857198303 ] } },
{ "type": "Feature", "properties": { "element": "way", "id": 178742660, "name": null, "leisure": "park", "operator": null, "access": null, "opening_hours": null, "wikidata": null }, "geometry": { "type": "Point", "coordinates": [ -117.049764159246635, 32.545076878449891 ] } },
{ "type": "Feature", "properties": { "element": "way", "id": 181322889, "name": "Kensington Park", "leisure": "park", "operator": null, "access": null, "opening_hours": null, "wikidata": "Q49510192" }, "geometry": { "type": "Point", "coordinates": [ -117.106852594307441, 32.76302028288432 ] } },
{ "type": "Feature", "properties": { "element": "way", "id": 182214890, "name": "Japanese Garden", "leisure": "park", "operator": null, "access": null, "opening_hours": null, "wikidata": null }, "geometry": { "type": "Point", "coordinates": [ -117.201732584204407, 32.89692220745254 ] } },
{ "type": "Feature", "properties": { "element": "way", "id": 182633488, "name": null, "leisure": "park", "operator": null, "access": null, "opening_hours": null, "wikidata": null }, "geometry": { "type": "Point", "coordinates": [ -117.250113035683398, 32.79480409567423 ] } },
{ "type": "Feature", "properties": { "element": "way", "id": 183747131, "name": null, "leisure": "park", "operator": null, "access": null, "opening_hours": null, "wikidata": null }, "geometry": { "type": "Point", "coordinates": [ -117.2596231702788, 32.852971884631458 ] } },
{ "type": "Feature", "properties": { "element": "way", "id": 195058029, "name": null, "leisure": "park", "operator": null, "access": null, "opening_hours": null, "wikidata": null }, "geometry": { "type": "Point", "coordinates": [ -117.192126146281979, 32.764707365449766 ] } },
{ "type": "Feature", "properties": { "element": "way", "id": 195246579, "name": "Hoyt Park West", "leisure": "park", "operator": null, "access": null, "opening_hours": null, "wikidata": null }, "geometry": { "type": "Point", "coordinates": [ -117.104168551168485, 32.905613858813119 ] } },
{ "type": "Feature", "properties": { "element": "way", "id": 195246634, "name": "Scripps Ranch Community Park", "leisure": "park", "operator": "City of San Diego Park & Recreation Department", "access": null, "opening_hours": null, "wikidata": "Q113236958" }, "geometry": { "type": "Point", "coordinates": [ -117.079749255027934, 32.927681129551893 ] } },
{ "type": "Feature", "properties": { "element": "way", "id": 202234357, "name": null, "leisure": "park", "operator": null, "access": null, "opening_hours": null, "wikidata": null }, "geometry": { "type": "Point", "coordinates": [ -117.141745586658701, 33.020136258739683 ] } },
{ "type": "Feature", "properties": { "element": "way", "id": 202766004, "name": null, "leisure": "park", "operator": null, "access": null, "opening_hours": null, "wikidata": null }, "geometry": { "type": "Point", "coordinates": [ -117.166053494632564, 32.794380219381608 ] } },
{ "type": "Feature", "properties": { "element": "way", "id": 202766070, "name": null, "leisure": "park", "operator": null, "access": null, "opening_hours": null, "wikidata": null }, "geometry": { "type": "Point", "coordinates": [ -117.16343353588374, 32.796286232835804 ] } },
{ "type": "Feature", "properties": { "element": "way", "id": 202766085, "name": null, "leisure": "park", "operator": null, "access": null, "opening_hours": null, "wikidata": null }, "geometry": { "type": "Point", "coordinates": [ -117.166273973157814, 32.795816228275676 ] } },
{ "type": "Feature", "properties": { "element": "way", "id": 202766578, "name": null, "leisure": "park", "operator": null, "access": null, "opening_hours": null, "wikidata": null }, "geometry": { "type": "Point", "coordinates": [ -117.158933200988201, 32.797440389031884 ] } },
{ "type": "Feature", "properties": { "element": "way", "id": 202766744, "name": null, "leisure": "park", "operator": null, "access": null, "opening_hours": null, "wikidata": null }, "geometry": { "type": "Point", "coordinates": [ -117.159055518210181, 32.796212842348233 ] } },
{ "type": "Feature", "properties": { "element": "way", "id": 203844102, "name": "Ridgewood Park", "leisure": "park", "operator": null, "access": null, "opening_hours": null, "wikidata": "Q49550208" }, "geometry": { "type": "Point", "coordinates": [ -117.116295938753481, 32.946062999429081 ] } },
{ "type": "Feature", "properties": { "element": "way", "id": 203846858, "name": null, "leisure": "park", "operator": null, "access": null, "opening_hours": null, "wikidata": null }, "geometry": { "type": "Point", "coordinates": [ -117.206033669035179, 32.896603110646211 ] } },
{ "type": "Feature", "properties": { "element": "way", "id": 206789372, "name": null, "leisure": "park", "operator": null, "access": null, "opening_hours": null, "wikidata": null }, "geometry": { "type": "Point", "coordinates": [ -117.12282321980031, 32.931118081652698 ] } },
{ "type": "Feature", "properties": { "element": "way", "id": 207141165, "name": "Stonebridge Park", "leisure": "park", "operator": null, "access": null, "opening_hours": null, "wikidata": "Q113126881" }, "geometry": { "type": "Point", "coordinates": [ -117.020057172393791, 32.924360910774205 ] } },
{ "type": "Feature", "properties": { "element": "way", "id": 212581436, "name": "Carmel Mountain Ranch Community Park", "leisure": "park", "operator": null, "access": null, "opening_hours": null, "wikidata": null }, "geometry": { "type": "Point", "coordinates": [ -117.091431815837666, 32.966312522434059 ] } },
{ "type": "Feature", "properties": { "element": "way", "id": 219731405, "name": "Paradise Hills Community Park", "leisure": "park", "operator": null, "access": null, "opening_hours": null, "wikidata": "Q49537515" }, "geometry": { "type": "Point", "coordinates": [ -117.050290797414775, 32.686615002757456 ] } },
{ "type": "Feature", "properties": { "element": "way", "id": 219863439, "name": "Penn Athletic Area", "leisure": "park", "operator": null, "access": null, "opening_hours": null, "wikidata": "Q49541151" }, "geometry": { "type": "Point", "coordinates": [ -117.047486123918048, 32.677543397181232 ] } },
{ "type": "Feature", "properties": { "element": "way", "id": 220191565, "name": "Plumosa Park", "leisure": "park", "operator": null, "access": null, "opening_hours": null, "wikidata": "Q49544373" }, "geometry": { "type": "Point", "coordinates": [ -117.221497434471019, 32.744461661267373 ] } },
{ "type": "Feature", "properties": { "element": "way", "id": 224056524, "name": null, "leisure": "park", "operator": null, "access": null, "opening_hours": null, "wikidata": null }, "geometry": { "type": "Point", "coordinates": [ -117.218085511843995, 32.860775069570032 ] } },
{ "type": "Feature", "properties": { "element": "way", "id": 224056715, "name": "Genesee Highlands", "leisure": "park", "operator": null, "access": null, "opening_hours": null, "wikidata": null }, "geometry": { "type": "Point", "coordinates": [ -117.214996344156035, 32.862654761362911 ] } },
{ "type": "Feature", "properties": { "element": "way", "id": 232847139, "name": "Famosa Slough Park", "leisure": "park", "operator": null, "access": null, "opening_hours": null, "wikidata": null }, "geometry": { "type": "Point", "coordinates": [ -117.228369222865027, 32.750586234756128 ] } },
{ "type": "Feature", "properties": { "element": "way", "id": 234951202, "name": null, "leisure": "park", "operator": null, "access": null, "opening_hours": null, "wikidata": null }, "geometry": { "type": "Point", "coordinates": [ -117.209410335540213, 32.773926743650314 ] } },
{ "type": "Feature", "properties": { "element": "way", "id": 239136385, "name": "Semillon Blvd. Mini Park", "leisure": "park", "operator": null, "access": null, "opening_hours": null, "wikidata": null }, "geometry": { "type": "Point", "coordinates": [ -117.071184969963397, 32.917733570010078 ] } },
{ "type": "Feature", "properties": { "element": "way", "id": 242999446, "name": "Bird Park", "leisure": "park", "operator": null, "access": null, "opening_hours": null, "wikidata": null }, "geometry": { "type": "Point", "coordinates": [ -117.134075410280758, 32.739141596139369 ] } },
{ "type": "Feature", "properties": { "element": "way", "id": 247976021, "name": null, "leisure": "park", "operator": null, "access": null, "opening_hours": null, "wikidata": null }, "geometry": { "type": "Point", "coordinates": [ -117.171286269728498, 32.784987782625961 ] } },
{ "type": "Feature", "properties": { "element": "way", "id": 260545693, "name": "Garden of the Sea", "leisure": "park", "operator": null, "access": null, "opening_hours": null, "wikidata": null }, "geometry": { "type": "Point", "coordinates": [ -117.19522797305315, 32.769938383342698 ] } },
{ "type": "Feature", "properties": { "element": "way", "id": 260545702, "name": "Garden of the Sky", "leisure": "park", "operator": null, "access": null, "opening_hours": null, "wikidata": null }, "geometry": { "type": "Point", "coordinates": [ -117.194252563240994, 32.770774189679955 ] } },
{ "type": "Feature", "properties": { "element": "way", "id": 261270479, "name": "Dorthy Petway Park", "leisure": "park", "operator": null, "access": null, "opening_hours": null, "wikidata": null }, "geometry": { "type": "Point", "coordinates": [ -117.11874157395475, 32.692073678269637 ] } },
{ "type": "Feature", "properties": { "element": "way", "id": 271957802, "name": "Edward Tyler Cramer Park", "leisure": "park", "operator": null, "access": null, "opening_hours": null, "wikidata": null }, "geometry": { "type": "Point", "coordinates": [ -117.18448252709058, 32.770987407267569 ] } },
{ "type": "Feature", "properties": { "element": "way", "id": 311067832, "name": "La Jolla Hermosa Park", "leisure": "park", "operator": null, "access": null, "opening_hours": null, "wikidata": "Q49512421" }, "geometry": { "type": "Point", "coordinates": [ -117.272784159590799, 32.817057365424667 ] } },
{ "type": "Feature", "properties": { "element": "way", "id": 323003266, "name": null, "leisure": "park", "operator": null, "access": "private", "opening_hours": null, "wikidata": null }, "geometry": { "type": "Point", "coordinates": [ -117.119192221527115, 32.801043143166893 ] } },
{ "type": "Feature", "properties": { "element": "way", "id": 323084951, "name": "Campanile Park", "leisure": "park", "operator": "SDSU Campus Recreation", "access": null, "opening_hours": "24/7", "wikidata": null }, "geometry": { "type": "Point", "coordinates": [ -117.072458307805704, 32.775653179226346 ] } },
{ "type": "Feature", "properties": { "element": "way", "id": 324161507, "name": null, "leisure": "park", "operator": null, "access": null, "opening_hours": null, "wikidata": null }, "geometry": { "type": "Point", "coordinates": [ -117.112590623461216, 32.828216903392835 ] } },
{ "type": "Feature", "properties": { "element": "way", "id": 324162195, "name": null, "leisure": "park", "operator": null, "access": null, "opening_hours": null, "wikidata": null }, "geometry": { "type": "Point", "coordinates": [ -117.108110218639339, 32.835927235304176 ] } },
{ "type": "Feature", "properties": { "element": "way", "id": 324408427, "name": "SDSU Centennial Plaza", "leisure": "park", "operator": null, "access": null, "opening_hours": "24/7", "wikidata": null }, "geometry": { "type": "Point", "coordinates": [ -117.069890749999672, 32.774415999963153 ] } },
{ "type": "Feature", "properties": { "element": "way", "id": 326849510, "name": "Mediterranean Garden", "leisure": "park", "operator": null, "access": null, "opening_hours": null, "wikidata": null }, "geometry": { "type": "Point", "coordinates": [ -117.071383422610239, 32.776869702933382 ] } },
{ "type": "Feature", "properties": { "element": "way", "id": 329034430, "name": "Van Niekerk Quad", "leisure": "park", "operator": null, "access": null, "opening_hours": null, "wikidata": null }, "geometry": { "type": "Point", "coordinates": [ -117.070957599273228, 32.777021099793004 ] } },
{ "type": "Feature", "properties": { "element": "way", "id": 330626599, "name": "Willie Serrano Field", "leisure": "park", "operator": null, "access": null, "opening_hours": null, "wikidata": null }, "geometry": { "type": "Point", "coordinates": [ -117.146805042827822, 32.756690731349693 ] } },
{ "type": "Feature", "properties": { "element": "way", "id": 334733480, "name": null, "leisure": "park", "operator": null, "access": null, "opening_hours": null, "wikidata": null }, "geometry": { "type": "Point", "coordinates": [ -117.232709417208454, 32.883719625618546 ] } },
{ "type": "Feature", "properties": { "element": "way", "id": 355864335, "name": null, "leisure": "park", "operator": null, "access": null, "opening_hours": null, "wikidata": null }, "geometry": { "type": "Point", "coordinates": [ -117.191569601361508, 32.966863242809751 ] } },
{ "type": "Feature", "properties": { "element": "way", "id": 355874029, "name": null, "leisure": "park", "operator": null, "access": null, "opening_hours": null, "wikidata": null }, "geometry": { "type": "Point", "coordinates": [ -117.186429930709849, 32.968544896706625 ] } },
{ "type": "Feature", "properties": { "element": "way", "id": 365215785, "name": "EarthLab Pocket Park", "leisure": "park", "operator": null, "access": null, "opening_hours": null, "wikidata": null }, "geometry": { "type": "Point", "coordinates": [ -117.085351763033572, 32.717088681313818 ] } },
{ "type": "Feature", "properties": { "element": "way", "id": 374650170, "name": "Linda Vista Community Park", "leisure": "park", "operator": null, "access": null, "opening_hours": null, "wikidata": null }, "geometry": { "type": "Point", "coordinates": [ -117.171256643770903, 32.793825704676415 ] } },
{ "type": "Feature", "properties": { "element": "way", "id": 374795472, "name": "Coast View Park", "leisure": "park", "operator": "City of San Diego", "access": null, "opening_hours": null, "wikidata": null }, "geometry": { "type": "Point", "coordinates": [ -117.225699739912187, 32.911298147294779 ] } },
{ "type": "Feature", "properties": { "element": "way", "id": 384474233, "name": null, "leisure": "park", "operator": null, "access": null, "opening_hours": null, "wikidata": null }, "geometry": { "type": "Point", "coordinates": [ -117.244861042478291, 32.745278056032291 ] } },
{ "type": "Feature", "properties": { "element": "way", "id": 385777575, "name": "Peñasquitos Town Center Neighborhood Park", "leisure": "park", "operator": null, "access": null, "opening_hours": null, "wikidata": null }, "geometry": { "type": "Point", "coordinates": [ -117.121532177292991, 32.95913070691423 ] } },
{ "type": "Feature", "properties": { "element": "way", "id": 398072778, "name": "Lane Field Park", "leisure": "park", "operator": null, "access": null, "opening_hours": null, "wikidata": null }, "geometry": { "type": "Point", "coordinates": [ -117.172561504979171, 32.716531257044657 ] } },
{ "type": "Feature", "properties": { "element": "way", "id": 398654810, "name": "Alvarado Estates Community Park", "leisure": "park", "operator": null, "access": null, "opening_hours": null, "wikidata": null }, "geometry": { "type": "Point", "coordinates": [ -117.09134579114729, 32.774343806590572 ] } },
{ "type": "Feature", "properties": { "element": "way", "id": 410380274, "name": "Talmadge Roundabout", "leisure": "park", "operator": null, "access": null, "opening_hours": null, "wikidata": null }, "geometry": { "type": "Point", "coordinates": [ -117.089084490925572, 32.762793012265028 ] } },
{ "type": "Feature", "properties": { "element": "way", "id": 413006186, "name": "Cañonto Martha", "leisure": "park", "operator": null, "access": null, "opening_hours": null, "wikidata": null }, "geometry": { "type": "Point", "coordinates": [ -117.105877012563312, 32.902892410829132 ] } },
{ "type": "Feature", "properties": { "element": "way", "id": 438087245, "name": null, "leisure": "park", "operator": null, "access": null, "opening_hours": null, "wikidata": null }, "geometry": { "type": "Point", "coordinates": [ -117.252588818924139, 32.748568767197277 ] } },
{ "type": "Feature", "properties": { "element": "way", "id": 455148508, "name": null, "leisure": "park", "operator": null, "access": null, "opening_hours": null, "wikidata": null }, "geometry": { "type": "Point", "coordinates": [ -117.226870527280468, 32.877026253479684 ] } },
{ "type": "Feature", "properties": { "element": "way", "id": 458936279, "name": "Fault Line Park", "leisure": "park", "operator": null, "access": null, "opening_hours": null, "wikidata": null }, "geometry": { "type": "Point", "coordinates": [ -117.151452384670336, 32.709893006720669 ] } },
{ "type": "Feature", "properties": { "element": "way", "id": 461225337, "name": null, "leisure": "park", "operator": null, "access": null, "opening_hours": null, "wikidata": null }, "geometry": { "type": "Point", "coordinates": [ -117.17363853326404, 32.964884434902309 ] } },
{ "type": "Feature", "properties": { "element": "way", "id": 461998410, "name": null, "leisure": "park", "operator": null, "access": null, "opening_hours": null, "wikidata": null }, "geometry": { "type": "Point", "coordinates": [ -117.227656620314292, 32.754509766871678 ] } },
{ "type": "Feature", "properties": { "element": "way", "id": 468461542, "name": null, "leisure": "park", "operator": null, "access": null, "opening_hours": null, "wikidata": null }, "geometry": { "type": "Point", "coordinates": [ -117.064183266794714, 33.002005813663452 ] } },
{ "type": "Feature", "properties": { "element": "way", "id": 468461671, "name": null, "leisure": "park", "operator": null, "access": null, "opening_hours": null, "wikidata": null }, "geometry": { "type": "Point", "coordinates": [ -117.061331195515578, 33.000098460164175 ] } },
{ "type": "Feature", "properties": { "element": "way", "id": 468920992, "name": null, "leisure": "park", "operator": null, "access": null, "opening_hours": null, "wikidata": null }, "geometry": { "type": "Point", "coordinates": [ -117.120374368492421, 32.904265479088885 ] } },
{ "type": "Feature", "properties": { "element": "way", "id": 469224907, "name": "Tierrasanta regional park", "leisure": "park", "operator": null, "access": null, "opening_hours": null, "wikidata": null }, "geometry": { "type": "Point", "coordinates": [ -117.104245104707388, 32.831288814462553 ] } },
{ "type": "Feature", "properties": { "element": "way", "id": 469224908, "name": "Tierrasanta regional park", "leisure": "park", "operator": null, "access": null, "opening_hours": null, "wikidata": null }, "geometry": { "type": "Point", "coordinates": [ -117.1054203994983, 32.833071582735478 ] } },
{ "type": "Feature", "properties": { "element": "way", "id": 469336916, "name": null, "leisure": "park", "operator": null, "access": null, "opening_hours": null, "wikidata": null }, "geometry": { "type": "Point", "coordinates": [ -117.159194972638772, 32.777225503040889 ] } },
{ "type": "Feature", "properties": { "element": "way", "id": 469578600, "name": "Almondwood Park", "leisure": "park", "operator": null, "access": null, "opening_hours": null, "wikidata": null }, "geometry": { "type": "Point", "coordinates": [ -117.20815491742313, 32.948053321273534 ] } },
{ "type": "Feature", "properties": { "element": "way", "id": 469579734, "name": "Veil Creek Park", "leisure": "park", "operator": null, "access": null, "opening_hours": null, "wikidata": null }, "geometry": { "type": "Point", "coordinates": [ -117.20516368934868, 32.949081001624435 ] } },
{ "type": "Feature", "properties": { "element": "way", "id": 479646791, "name": "Einstein Peace Garden", "leisure": "park", "operator": null, "access": null, "opening_hours": null, "wikidata": null }, "geometry": { "type": "Point", "coordinates": [ -117.131304924845992, 32.7192176456251 ] } },
{ "type": "Feature", "properties": { "element": "way", "id": 479772244, "name": "Wabash Park", "leisure": "park", "operator": null, "access": null, "opening_hours": null, "wikidata": "Q49576010" }, "geometry": { "type": "Point", "coordinates": [ -117.120658796052865, 32.749647183629222 ] } },
{ "type": "Feature", "properties": { "element": "way", "id": 480304766, "name": "Southcrest Park Community Trails", "leisure": "park", "operator": null, "access": null, "opening_hours": null, "wikidata": null }, "geometry": { "type": "Point", "coordinates": [ -117.115416599187256, 32.691337949610322 ] } },
{ "type": "Feature", "properties": { "element": "way", "id": 480572072, "name": "Peñasquitos Creek Park", "leisure": "park", "operator": null, "access": null, "opening_hours": null, "wikidata": null }, "geometry": { "type": "Point", "coordinates": [ -117.151280188303176, 32.939557484607562 ] } },
{ "type": "Feature", "properties": { "element": "way", "id": 480745068, "name": "Cedar Street Park", "leisure": "park", "operator": null, "access": null, "opening_hours": null, "wikidata": null }, "geometry": { "type": "Point", "coordinates": [ -117.122218130115201, 32.722142953694473 ] } },
{ "type": "Feature", "properties": { "element": "way", "id": 480745716, "name": "32nd Street Canyon", "leisure": "park", "operator": null, "access": null, "opening_hours": null, "wikidata": null }, "geometry": { "type": "Point", "coordinates": [ -117.125323658403971, 32.719760524195181 ] } },
{ "type": "Feature", "properties": { "element": "way", "id": 480955162, "name": "Torrey Del Mar Neighborhood Park", "leisure": "park", "operator": null, "access": null, "opening_hours": null, "wikidata": null }, "geometry": { "type": "Point", "coordinates": [ -117.161324558844555, 32.967615744411219 ] } },
{ "type": "Feature", "properties": { "element": "way", "id": 481134990, "name": "BMX course", "leisure": "park", "operator": null, "access": null, "opening_hours": null, "wikidata": null }, "geometry": { "type": "Point", "coordinates": [ -117.064733858384187, 32.818162579441292 ] } },
{ "type": "Feature", "properties": { "element": "way", "id": 481241961, "name": null, "leisure": "park", "operator": null, "access": null, "opening_hours": null, "wikidata": null }, "geometry": { "type": "Point", "coordinates": [ -117.221377353156868, 32.920851701920057 ] } },
{ "type": "Feature", "properties": { "element": "way", "id": 481841065, "name": "Centrum Park", "leisure": "park", "operator": null, "access": null, "opening_hours": null, "wikidata": null }, "geometry": { "type": "Point", "coordinates": [ -117.139081746294934, 32.82771013939707 ] } },
{ "type": "Feature", "properties": { "element": "way", "id": 486656838, "name": "Surf Cup Sports Park", "leisure": "park", "operator": null, "access": null, "opening_hours": null, "wikidata": null }, "geometry": { "type": "Point", "coordinates": [ -117.226428189455191, 32.980474456587501 ] } },
{ "type": "Feature", "properties": { "element": "way", "id": 486718560, "name": null, "leisure": "park", "operator": null, "access": null, "opening_hours": null, "wikidata": null }, "geometry": { "type": "Point", "coordinates": [ -117.254351876518982, 32.713704224920896 ] } },
{ "type": "Feature", "properties": { "element": "way", "id": 486790099, "name": "Allen Jones Park", "leisure": "park", "operator": null, "access": null, "opening_hours": null, "wikidata": null }, "geometry": { "type": "Point", "coordinates": [ -117.17335965416548, 32.8974282294798 ] } },
{ "type": "Feature", "properties": { "element": "way", "id": 493264109, "name": null, "leisure": "park", "operator": null, "access": null, "opening_hours": null, "wikidata": null }, "geometry": { "type": "Point", "coordinates": [ -117.189700943990132, 32.908578401151921 ] } },
{ "type": "Feature", "properties": { "element": "way", "id": 494548402, "name": "Sabre Highlands Mini-Park", "leisure": "park", "operator": null, "access": null, "opening_hours": null, "wikidata": null }, "geometry": { "type": "Point", "coordinates": [ -117.073825290737432, 32.938565580888543 ] } },
{ "type": "Feature", "properties": { "element": "way", "id": 505652828, "name": "Hoyt Park East", "leisure": "park", "operator": null, "access": null, "opening_hours": null, "wikidata": null }, "geometry": { "type": "Point", "coordinates": [ -117.094328249983036, 32.906031899071721 ] } },
{ "type": "Feature", "properties": { "element": "way", "id": 525062215, "name": "Navajo Canyon Open Space Park", "leisure": "park", "operator": null, "access": null, "opening_hours": null, "wikidata": null }, "geometry": { "type": "Point", "coordinates": [ -117.077002159102435, 32.787637093146685 ] } },
{ "type": "Feature", "properties": { "element": "way", "id": 528174133, "name": null, "leisure": "park", "operator": null, "access": null, "opening_hours": null, "wikidata": null }, "geometry": { "type": "Point", "coordinates": [ -117.193590174059196, 32.755176336053047 ] } },
{ "type": "Feature", "properties": { "element": "way", "id": 528204807, "name": null, "leisure": "park", "operator": null, "access": null, "opening_hours": null, "wikidata": null }, "geometry": { "type": "Point", "coordinates": [ -117.182114251003568, 32.964027400893009 ] } },
{ "type": "Feature", "properties": { "element": "way", "id": 528204809, "name": null, "leisure": "park", "operator": null, "access": null, "opening_hours": null, "wikidata": null }, "geometry": { "type": "Point", "coordinates": [ -117.181349725998103, 32.96477012771355 ] } },
{ "type": "Feature", "properties": { "element": "way", "id": 529046038, "name": null, "leisure": "park", "operator": null, "access": null, "opening_hours": null, "wikidata": null }, "geometry": { "type": "Point", "coordinates": [ -117.085316572364761, 32.787904380816151 ] } },
{ "type": "Feature", "properties": { "element": "way", "id": 530268753, "name": "Pride Plaza", "leisure": "park", "operator": null, "access": null, "opening_hours": "24/7", "wikidata": null }, "geometry": { "type": "Point", "coordinates": [ -117.149724671802048, 32.748726169552263 ] } },
{ "type": "Feature", "properties": { "element": "way", "id": 531373071, "name": null, "leisure": "park", "operator": null, "access": null, "opening_hours": null, "wikidata": null }, "geometry": { "type": "Point", "coordinates": [ -117.171108527274356, 32.969073221372263 ] } },
{ "type": "Feature", "properties": { "element": "way", "id": 531373073, "name": null, "leisure": "park", "operator": null, "access": null, "opening_hours": null, "wikidata": null }, "geometry": { "type": "Point", "coordinates": [ -117.173107919256438, 32.969017390332326 ] } },
{ "type": "Feature", "properties": { "element": "way", "id": 531702311, "name": "Mercy Plaza", "leisure": "park", "operator": null, "access": null, "opening_hours": null, "wikidata": null }, "geometry": { "type": "Point", "coordinates": [ -117.16124005332172, 32.751562310999176 ] } },
{ "type": "Feature", "properties": { "element": "way", "id": 531739172, "name": "Del Sur City Park", "leisure": "park", "operator": null, "access": null, "opening_hours": null, "wikidata": null }, "geometry": { "type": "Point", "coordinates": [ -117.141570710670834, 33.01657803175565 ] } },
{ "type": "Feature", "properties": { "element": "way", "id": 533676098, "name": "Easting Park", "leisure": "park", "operator": null, "access": null, "opening_hours": null, "wikidata": null }, "geometry": { "type": "Point", "coordinates": [ -117.129131475828828, 32.82991116514647 ] } },
{ "type": "Feature", "properties": { "element": "way", "id": 537057164, "name": "Del Cero Park", "leisure": "park", "operator": null, "access": null, "opening_hours": null, "wikidata": null }, "geometry": { "type": "Point", "coordinates": [ -117.058690380001707, 32.781285127166484 ] } },
{ "type": "Feature", "properties": { "element": "way", "id": 544275474, "name": "Language Academy Joint Use Field", "leisure": "park", "operator": null, "access": null, "opening_hours": null, "wikidata": null }, "geometry": { "type": "Point", "coordinates": [ -117.061871145408361, 32.769496939302122 ] } },
{ "type": "Feature", "properties": { "element": "way", "id": 544281494, "name": "Lake Murray Playground Project", "leisure": "park", "operator": null, "access": null, "opening_hours": null, "wikidata": null }, "geometry": { "type": "Point", "coordinates": [ -117.044629944492328, 32.792229255428936 ] } },
{ "type": "Feature", "properties": { "element": "way", "id": 545151783, "name": "Blessed Sacrament Field", "leisure": "park", "operator": null, "access": null, "opening_hours": null, "wikidata": null }, "geometry": { "type": "Point", "coordinates": [ -117.074658525205876, 32.760060493119909 ] } },
{ "type": "Feature", "properties": { "element": "way", "id": 546485190, "name": "San Dieguito River Park", "leisure": "park", "operator": null, "access": null, "opening_hours": null, "wikidata": null }, "geometry": { "type": "Point", "coordinates": [ -117.036340540058575, 33.067098058938619 ] } },
{ "type": "Feature", "properties": { "element": "way", "id": 547789385, "name": "Cesar Chavez Field", "leisure": "park", "operator": null, "access": null, "opening_hours": null, "wikidata": null }, "geometry": { "type": "Point", "coordinates": [ -117.110746316421881, 32.691686258139313 ] } },
{ "type": "Feature", "properties": { "element": "way", "id": 548786999, "name": null, "leisure": "park", "operator": null, "access": null, "opening_hours": null, "wikidata": null }, "geometry": { "type": "Point", "coordinates": [ -117.102243704398674, 32.697825780781962 ] } },
{ "type": "Feature", "properties": { "element": "way", "id": 550497289, "name": "Veridian Tot Lot", "leisure": "park", "operator": null, "access": null, "opening_hours": null, "wikidata": null }, "geometry": { "type": "Point", "coordinates": [ -117.124024807107332, 33.008783007878158 ] } },
{ "type": "Feature", "properties": { "element": "way", "id": 550497290, "name": "Veridian Dog Park", "leisure": "park", "operator": null, "access": null, "opening_hours": null, "wikidata": null }, "geometry": { "type": "Point", "coordinates": [ -117.124834166720419, 33.007885033449526 ] } },
{ "type": "Feature", "properties": { "element": "way", "id": 552531350, "name": "One Miramar Street Main Park", "leisure": "park", "operator": null, "access": null, "opening_hours": null, "wikidata": null }, "geometry": { "type": "Point", "coordinates": [ -117.226443918039195, 32.873704970025422 ] } },
{ "type": "Feature", "properties": { "element": "way", "id": 552531663, "name": "One Miramar Street Grilling Park", "leisure": "park", "operator": null, "access": null, "opening_hours": null, "wikidata": null }, "geometry": { "type": "Point", "coordinates": [ -117.227266219635538, 32.873340543482932 ] } },
{ "type": "Feature", "properties": { "element": "way", "id": 552700826, "name": "Chollas Park", "leisure": "park", "operator": null, "access": null, "opening_hours": null, "wikidata": null }, "geometry": { "type": "Point", "coordinates": [ -117.067993528730568, 32.737573363172729 ] } },
{ "type": "Feature", "properties": { "element": "way", "id": 563173650, "name": "Civita Park", "leisure": "park", "operator": null, "access": null, "opening_hours": null, "wikidata": null }, "geometry": { "type": "Point", "coordinates": [ -117.147282927763811, 32.779652151671463 ] } },
{ "type": "Feature", "properties": { "element": "way", "id": 563982983, "name": "West Chase Park", "leisure": "park", "operator": null, "access": null, "opening_hours": null, "wikidata": null }, "geometry": { "type": "Point", "coordinates": [ -117.139672453112013, 32.949062786664705 ] } },
{ "type": "Feature", "properties": { "element": "way", "id": 563982984, "name": "West Chase Park", "leisure": "park", "operator": null, "access": null, "opening_hours": null, "wikidata": null }, "geometry": { "type": "Point", "coordinates": [ -117.137846913569746, 32.950049145713528 ] } },
{ "type": "Feature", "properties": { "element": "way", "id": 566505971, "name": "Carmel del Mar Park", "leisure": "park", "operator": null, "access": null, "opening_hours": null, "wikidata": "Q49476998" }, "geometry": { "type": "Point", "coordinates": [ -117.233948293651423, 32.938034490696353 ] } },
{ "type": "Feature", "properties": { "element": "way", "id": 566761888, "name": null, "leisure": "park", "operator": null, "access": null, "opening_hours": null, "wikidata": null }, "geometry": { "type": "Point", "coordinates": [ -117.140144006730864, 32.921588373847605 ] } },
{ "type": "Feature", "properties": { "element": "way", "id": 567949743, "name": "b-rice Purk", "leisure": "park", "operator": null, "access": null, "opening_hours": null, "wikidata": null }, "geometry": { "type": "Point", "coordinates": [ -117.072315334876421, 32.790080090851085 ] } },
{ "type": "Feature", "properties": { "element": "way", "id": 570792220, "name": "Challenger Lawn", "leisure": "park", "operator": null, "access": null, "opening_hours": null, "wikidata": null }, "geometry": { "type": "Point", "coordinates": [ -117.159904002579594, 32.913302962140769 ] } },
{ "type": "Feature", "properties": { "element": "way", "id": 570795792, "name": "Mesa Village Park", "leisure": "park", "operator": null, "access": null, "opening_hours": null, "wikidata": null }, "geometry": { "type": "Point", "coordinates": [ -117.133003805104266, 32.910460843178548 ] } },
{ "type": "Feature", "properties": { "element": "way", "id": 570795793, "name": "Mesa Village Park", "leisure": "park", "operator": null, "access": null, "opening_hours": null, "wikidata": null }, "geometry": { "type": "Point", "coordinates": [ -117.128791310931632, 32.911202570721443 ] } },
{ "type": "Feature", "properties": { "element": "way", "id": 581725066, "name": "PLNU Lookout Park", "leisure": "park", "operator": null, "access": null, "opening_hours": null, "wikidata": null }, "geometry": { "type": "Point", "coordinates": [ -117.250951116418335, 32.713333824484273 ] } },
{ "type": "Feature", "properties": { "element": "way", "id": 587646032, "name": null, "leisure": "park", "operator": null, "access": null, "opening_hours": null, "wikidata": null }, "geometry": { "type": "Point", "coordinates": [ -117.243123282064616, 32.886813130753964 ] } },
{ "type": "Feature", "properties": { "element": "way", "id": 587650467, "name": null, "leisure": "park", "operator": null, "access": null, "opening_hours": null, "wikidata": null }, "geometry": { "type": "Point", "coordinates": [ -117.070020950237478, 33.051350516323296 ] } },
{ "type": "Feature", "properties": { "element": "way", "id": 587987425, "name": "Bayview HIlls Playground", "leisure": "park", "operator": null, "access": null, "opening_hours": null, "wikidata": null }, "geometry": { "type": "Point", "coordinates": [ -117.064162235776976, 32.685191769219678 ] } },
{ "type": "Feature", "properties": { "element": "way", "id": 588268054, "name": "Bayview Hills Community Park", "leisure": "park", "operator": null, "access": null, "opening_hours": null, "wikidata": null }, "geometry": { "type": "Point", "coordinates": [ -117.060018729169244, 32.682105535073653 ] } },
{ "type": "Feature", "properties": { "element": "way", "id": 588268056, "name": null, "leisure": "park", "operator": null, "access": null, "opening_hours": null, "wikidata": null }, "geometry": { "type": "Point", "coordinates": [ -117.059743180674388, 32.683030848493459 ] } },
{ "type": "Feature", "properties": { "element": "way", "id": 588268059, "name": "Sky Harbor Park", "leisure": "park", "operator": null, "access": null, "opening_hours": null, "wikidata": null }, "geometry": { "type": "Point", "coordinates": [ -117.061999122938914, 32.683619080389718 ] } },
{ "type": "Feature", "properties": { "element": "way", "id": 588268069, "name": null, "leisure": "park", "operator": null, "access": null, "opening_hours": null, "wikidata": null }, "geometry": { "type": "Point", "coordinates": [ -117.060918032636323, 32.683601667196093 ] } },
{ "type": "Feature", "properties": { "element": "way", "id": 588268076, "name": null, "leisure": "park", "operator": null, "access": null, "opening_hours": null, "wikidata": null }, "geometry": { "type": "Point", "coordinates": [ -117.062355472277474, 32.68617101092056 ] } },
{ "type": "Feature", "properties": { "element": "way", "id": 588268082, "name": null, "leisure": "park", "operator": null, "access": null, "opening_hours": null, "wikidata": null }, "geometry": { "type": "Point", "coordinates": [ -117.064844785324667, 32.687054152483036 ] } },
{ "type": "Feature", "properties": { "element": "way", "id": 588268090, "name": null, "leisure": "park", "operator": null, "access": null, "opening_hours": null, "wikidata": null }, "geometry": { "type": "Point", "coordinates": [ -117.065048568038492, 32.685665279680236 ] } },
{ "type": "Feature", "properties": { "element": "way", "id": 588268094, "name": null, "leisure": "park", "operator": null, "access": null, "opening_hours": null, "wikidata": null }, "geometry": { "type": "Point", "coordinates": [ -117.063931777075908, 32.68406845356732 ] } },
{ "type": "Feature", "properties": { "element": "way", "id": 588268099, "name": null, "leisure": "park", "operator": null, "access": null, "opening_hours": null, "wikidata": null }, "geometry": { "type": "Point", "coordinates": [ -117.062102287233614, 32.680968971903837 ] } },
{ "type": "Feature", "properties": { "element": "way", "id": 588528709, "name": null, "leisure": "park", "operator": null, "access": null, "opening_hours": null, "wikidata": null }, "geometry": { "type": "Point", "coordinates": [ -117.058684482850936, 32.683067011269607 ] } },
{ "type": "Feature", "properties": { "element": "way", "id": 590824762, "name": null, "leisure": "park", "operator": null, "access": null, "opening_hours": null, "wikidata": null }, "geometry": { "type": "Point", "coordinates": [ -117.19185957523004, 32.929032664847853 ] } },
{ "type": "Feature", "properties": { "element": "way", "id": 593936174, "name": "Spreckels Park", "leisure": "park", "operator": null, "access": null, "opening_hours": null, "wikidata": null }, "geometry": { "type": "Point", "coordinates": [ -117.141844183608001, 33.014271612994477 ] } },
{ "type": "Feature", "properties": { "element": "way", "id": 593940626, "name": "Kristen Glen Park", "leisure": "park", "operator": null, "access": null, "opening_hours": null, "wikidata": null }, "geometry": { "type": "Point", "coordinates": [ -117.137923102679352, 33.020145139895753 ] } },
{ "type": "Feature", "properties": { "element": "way", "id": 593941161, "name": null, "leisure": "park", "operator": null, "access": null, "opening_hours": null, "wikidata": null }, "geometry": { "type": "Point", "coordinates": [ -117.139065990911774, 33.01425036882442 ] } },
{ "type": "Feature", "properties": { "element": "way", "id": 593941730, "name": "Village Green Park", "leisure": "park", "operator": null, "access": null, "opening_hours": null, "wikidata": null }, "geometry": { "type": "Point", "coordinates": [ -117.127516562364931, 33.016492431326007 ] } },
{ "type": "Feature", "properties": { "element": "way", "id": 595989174, "name": "Torrey Highlands Park", "leisure": "park", "operator": null, "access": null, "opening_hours": null, "wikidata": "Q49571294" }, "geometry": { "type": "Point", "coordinates": [ -117.222727536360708, 32.961156722768038 ] } },
{ "type": "Feature", "properties": { "element": "way", "id": 597930953, "name": null, "leisure": "park", "operator": null, "access": null, "opening_hours": null, "wikidata": null }, "geometry": { "type": "Point", "coordinates": [ -117.20942533113076, 32.920150898189334 ] } },
{ "type": "Feature", "properties": { "element": "way", "id": 605792394, "name": null, "leisure": "park", "operator": null, "access": null, "opening_hours": null, "wikidata": null }, "geometry": { "type": "Point", "coordinates": [ -117.252213695835039, 32.750190826414801 ] } },
{ "type": "Feature", "properties": { "element": "way", "id": 610368629, "name": "Union Place Circle", "leisure": "park", "operator": null, "access": null, "opening_hours": null, "wikidata": "Q49573197" }, "geometry": { "type": "Point", "coordinates": [ -117.270118829867286, 32.846019097234709 ] } },
{ "type": "Feature", "properties": { "element": "way", "id": 612050241, "name": null, "leisure": "park", "operator": null, "access": "private", "opening_hours": null, "wikidata": null }, "geometry": { "type": "Point", "coordinates": [ -117.158819538842167, 32.718601386637879 ] } },
{ "type": "Feature", "properties": { "element": "way", "id": 620976738, "name": "Stonehaven Community Park", "leisure": "park", "operator": null, "access": "private", "opening_hours": null, "wikidata": null }, "geometry": { "type": "Point", "coordinates": [ -117.223179583181576, 32.823670466015606 ] } },
{ "type": "Feature", "properties": { "element": "way", "id": 620976739, "name": "Stonehaven Community Park", "leisure": "park", "operator": null, "access": "private", "opening_hours": null, "wikidata": null }, "geometry": { "type": "Point", "coordinates": [ -117.221118929807247, 32.825273334903088 ] } },
{ "type": "Feature", "properties": { "element": "way", "id": 621631633, "name": "Old Stonefield Park", "leisure": "park", "operator": null, "access": null, "opening_hours": null, "wikidata": null }, "geometry": { "type": "Point", "coordinates": [ -117.137742794322435, 33.016138110685667 ] } },
{ "type": "Feature", "properties": { "element": "way", "id": 621633429, "name": "Bench area", "leisure": "park", "operator": null, "access": null, "opening_hours": null, "wikidata": null }, "geometry": { "type": "Point", "coordinates": [ -117.136329915478171, 33.016097928392938 ] } },
{ "type": "Feature", "properties": { "element": "way", "id": 626820752, "name": null, "leisure": "park", "operator": null, "access": null, "opening_hours": null, "wikidata": null }, "geometry": { "type": "Point", "coordinates": [ -117.240675217971713, 32.872913288473121 ] } },
{ "type": "Feature", "properties": { "element": "way", "id": 637582905, "name": "High Rose Park", "leisure": "park", "operator": null, "access": null, "opening_hours": null, "wikidata": null }, "geometry": { "type": "Point", "coordinates": [ -117.140707997743377, 33.012780243984267 ] } },
{ "type": "Feature", "properties": { "element": "way", "id": 648534346, "name": "Cesar Solis Park", "leisure": "park", "operator": null, "access": null, "opening_hours": null, "wikidata": null }, "geometry": { "type": "Point", "coordinates": [ -117.024490832189556, 32.570180693091871 ] } },
{ "type": "Feature", "properties": { "element": "way", "id": 670613840, "name": null, "leisure": "park", "operator": null, "access": null, "opening_hours": null, "wikidata": null }, "geometry": { "type": "Point", "coordinates": [ -117.169060993471149, 32.908332652141951 ] } },
{ "type": "Feature", "properties": { "element": "way", "id": 675561279, "name": "Elizabeth Rabbit Neighborhood Park", "leisure": "park", "operator": null, "access": null, "opening_hours": null, "wikidata": null }, "geometry": { "type": "Point", "coordinates": [ -117.181772231388308, 32.940911098884932 ] } },
{ "type": "Feature", "properties": { "element": "way", "id": 684505306, "name": null, "leisure": "park", "operator": null, "access": null, "opening_hours": null, "wikidata": null }, "geometry": { "type": "Point", "coordinates": [ -117.165662424901427, 32.790012888566416 ] } },
{ "type": "Feature", "properties": { "element": "way", "id": 685776885, "name": "Pacific Highlands Ranch Community Park", "leisure": "park", "operator": "City of San Diego", "access": null, "opening_hours": null, "wikidata": null }, "geometry": { "type": "Point", "coordinates": [ -117.185941491969928, 32.960160591292713 ] } },
{ "type": "Feature", "properties": { "element": "way", "id": 689796293, "name": "Heart Park", "leisure": "park", "operator": null, "access": "yes", "opening_hours": null, "wikidata": null }, "geometry": { "type": "Point", "coordinates": [ -117.058654830409154, 32.776275624240867 ] } },
{ "type": "Feature", "properties": { "element": "way", "id": 700758196, "name": null, "leisure": "park", "operator": null, "access": "yes", "opening_hours": null, "wikidata": null }, "geometry": { "type": "Point", "coordinates": [ -117.20587203812984, 32.744433864902128 ] } },
{ "type": "Feature", "properties": { "element": "way", "id": 700758197, "name": "Tot Lot", "leisure": "park", "operator": null, "access": "yes", "opening_hours": null, "wikidata": null }, "geometry": { "type": "Point", "coordinates": [ -117.208610217338787, 32.745996110781057 ] } },
{ "type": "Feature", "properties": { "element": "way", "id": 700956745, "name": null, "leisure": "park", "operator": null, "access": null, "opening_hours": null, "wikidata": null }, "geometry": { "type": "Point", "coordinates": [ -117.124396653701282, 32.68067333986923 ] } },
{ "type": "Feature", "properties": { "element": "way", "id": 700974802, "name": "Ocean Beach Veterans’ Plaza", "leisure": "park", "operator": null, "access": null, "opening_hours": null, "wikidata": null }, "geometry": { "type": "Point", "coordinates": [ -117.252796450512307, 32.748140611566839 ] } },
{ "type": "Feature", "properties": { "element": "way", "id": 702301493, "name": null, "leisure": "park", "operator": null, "access": null, "opening_hours": null, "wikidata": null }, "geometry": { "type": "Point", "coordinates": [ -117.147070510959963, 32.732748559576152 ] } },
{ "type": "Feature", "properties": { "element": "way", "id": 704353072, "name": "Portofino Sterling Park", "leisure": "park", "operator": null, "access": null, "opening_hours": "24/7", "wikidata": null }, "geometry": { "type": "Point", "coordinates": [ -117.17173943802257, 32.96333853924051 ] } },
{ "type": "Feature", "properties": { "element": "way", "id": 720045693, "name": null, "leisure": "park", "operator": null, "access": "private", "opening_hours": null, "wikidata": null }, "geometry": { "type": "Point", "coordinates": [ -117.127412872563056, 33.017496656768614 ] } },
{ "type": "Feature", "properties": { "element": "way", "id": 726987937, "name": "Kelly Street Neighborhood Park", "leisure": "park", "operator": "City of San Diego", "access": null, "opening_hours": null, "wikidata": null }, "geometry": { "type": "Point", "coordinates": [ -117.178063746701667, 32.782837415294416 ] } },
{ "type": "Feature", "properties": { "element": "way", "id": 727922224, "name": null, "leisure": "park", "operator": null, "access": null, "opening_hours": null, "wikidata": null }, "geometry": { "type": "Point", "coordinates": [ -117.20814605848814, 32.744901741047379 ] } },
{ "type": "Feature", "properties": { "element": "way", "id": 727922230, "name": null, "leisure": "park", "operator": null, "access": null, "opening_hours": null, "wikidata": null }, "geometry": { "type": "Point", "coordinates": [ -117.215254502030447, 32.730060890577676 ] } },
{ "type": "Feature", "properties": { "element": "way", "id": 729789054, "name": "Starkey Park", "leisure": "park", "operator": null, "access": null, "opening_hours": null, "wikidata": null }, "geometry": { "type": "Point", "coordinates": [ -117.273029250700688, 32.829746526864533 ] } },
{ "type": "Feature", "properties": { "element": "way", "id": 732737559, "name": null, "leisure": "park", "operator": null, "access": null, "opening_hours": null, "wikidata": null }, "geometry": { "type": "Point", "coordinates": [ -117.117053037260064, 32.945604163788431 ] } },
{ "type": "Feature", "properties": { "element": "way", "id": 737700767, "name": null, "leisure": "park", "operator": null, "access": null, "opening_hours": null, "wikidata": null }, "geometry": { "type": "Point", "coordinates": [ -117.118605996635665, 32.685895162155788 ] } },
{ "type": "Feature", "properties": { "element": "way", "id": 738021115, "name": null, "leisure": "park", "operator": null, "access": null, "opening_hours": null, "wikidata": null }, "geometry": { "type": "Point", "coordinates": [ -117.118054957507013, 32.682558931949494 ] } },
{ "type": "Feature", "properties": { "element": "way", "id": 738671939, "name": "Jerry Coleman Lawn", "leisure": "park", "operator": "MCRD", "access": null, "opening_hours": "sunrise-sunset", "wikidata": null }, "geometry": { "type": "Point", "coordinates": [ -117.197287857897379, 32.744278123986334 ] } },
{ "type": "Feature", "properties": { "element": "way", "id": 743663866, "name": null, "leisure": "park", "operator": null, "access": null, "opening_hours": null, "wikidata": null }, "geometry": { "type": "Point", "coordinates": [ -117.163004858873862, 32.990164805343326 ] } },
{ "type": "Feature", "properties": { "element": "way", "id": 743666033, "name": null, "leisure": "park", "operator": null, "access": null, "opening_hours": null, "wikidata": null }, "geometry": { "type": "Point", "coordinates": [ -117.161493711831284, 32.988169180329329 ] } },
{ "type": "Feature", "properties": { "element": "way", "id": 743666034, "name": null, "leisure": "park", "operator": null, "access": null, "opening_hours": null, "wikidata": null }, "geometry": { "type": "Point", "coordinates": [ -117.159972470873626, 32.992710622623576 ] } },
{ "type": "Feature", "properties": { "element": "way", "id": 743667807, "name": "Verrazano Central Park", "leisure": "park", "operator": null, "access": null, "opening_hours": null, "wikidata": null }, "geometry": { "type": "Point", "coordinates": [ -117.160695930983024, 32.990432032204289 ] } },
{ "type": "Feature", "properties": { "element": "way", "id": 773892434, "name": "Faculty Staff Club outside patio.", "leisure": "park", "operator": null, "access": null, "opening_hours": null, "wikidata": null }, "geometry": { "type": "Point", "coordinates": [ -117.071259309034943, 32.776344993378579 ] } },
{ "type": "Feature", "properties": { "element": "way", "id": 781409203, "name": "Tweet Street Linear Park", "leisure": "park", "operator": null, "access": null, "opening_hours": "sunrise-sunset", "wikidata": null }, "geometry": { "type": "Point", "coordinates": [ -117.157114401781456, 32.723120283269658 ] } },
{ "type": "Feature", "properties": { "element": "way", "id": 782827901, "name": "San Ysidro Outdoor Fitness Park", "leisure": "park", "operator": null, "access": null, "opening_hours": null, "wikidata": null }, "geometry": { "type": "Point", "coordinates": [ -117.047127951652627, 32.553746832624334 ] } },
{ "type": "Feature", "properties": { "element": "way", "id": 782840450, "name": null, "leisure": "park", "operator": "San Ysidro Branch Library", "access": null, "opening_hours": null, "wikidata": null }, "geometry": { "type": "Point", "coordinates": [ -117.043334550000495, 32.557409299978694 ] } },
{ "type": "Feature", "properties": { "element": "way", "id": 783385854, "name": null, "leisure": "park", "operator": null, "access": null, "opening_hours": null, "wikidata": null }, "geometry": { "type": "Point", "coordinates": [ -117.1755655180324, 32.916326321485009 ] } },
{ "type": "Feature", "properties": { "element": "way", "id": 783385857, "name": null, "leisure": "park", "operator": null, "access": null, "opening_hours": null, "wikidata": null }, "geometry": { "type": "Point", "coordinates": [ -117.175505361996642, 32.917265657074651 ] } },
{ "type": "Feature", "properties": { "element": "way", "id": 783385865, "name": null, "leisure": "park", "operator": null, "access": null, "opening_hours": null, "wikidata": null }, "geometry": { "type": "Point", "coordinates": [ -117.174967292812099, 32.917610248596596 ] } },
{ "type": "Feature", "properties": { "element": "way", "id": 783996677, "name": null, "leisure": "park", "operator": null, "access": null, "opening_hours": null, "wikidata": null }, "geometry": { "type": "Point", "coordinates": [ -117.158794166210825, 32.9288240949626 ] } },
{ "type": "Feature", "properties": { "element": "way", "id": 783996681, "name": null, "leisure": "park", "operator": null, "access": null, "opening_hours": null, "wikidata": null }, "geometry": { "type": "Point", "coordinates": [ -117.156951210266868, 32.929323865161983 ] } },
{ "type": "Feature", "properties": { "element": "way", "id": 783996682, "name": null, "leisure": "park", "operator": null, "access": null, "opening_hours": null, "wikidata": null }, "geometry": { "type": "Point", "coordinates": [ -117.156743645073348, 32.929029272254688 ] } },
{ "type": "Feature", "properties": { "element": "way", "id": 785774205, "name": "Torrey Meadows Neighborhood Park", "leisure": "park", "operator": null, "access": null, "opening_hours": null, "wikidata": null }, "geometry": { "type": "Point", "coordinates": [ -117.156335467299186, 32.96465654721154 ] } },
{ "type": "Feature", "properties": { "element": "way", "id": 788679952, "name": "Sellers-Keever Park", "leisure": "park", "operator": null, "access": null, "opening_hours": null, "wikidata": null }, "geometry": { "type": "Point", "coordinates": [ -117.107098432787893, 32.588025487992809 ] } },
{ "type": "Feature", "properties": { "element": "way", "id": 791861446, "name": null, "leisure": "park", "operator": null, "access": null, "opening_hours": null, "wikidata": null }, "geometry": { "type": "Point", "coordinates": [ -117.135233509397509, 32.921490085739045 ] } },
{ "type": "Feature", "properties": { "element": "way", "id": 815744352, "name": null, "leisure": "park", "operator": null, "access": null, "opening_hours": null, "wikidata": null }, "geometry": { "type": "Point", "coordinates": [ -117.201301104310602, 32.931779529586528 ] } },
{ "type": "Feature", "properties": { "element": "way", "id": 816673781, "name": "Old Town Square", "leisure": "park", "operator": "California Department of Parks and Recreation", "access": null, "opening_hours": "24/7", "wikidata": null }, "geometry": { "type": "Point", "coordinates": [ -117.197320692070832, 32.754629924567645 ] } },
{ "type": "Feature", "properties": { "element": "way", "id": 821246692, "name": null, "leisure": "park", "operator": null, "access": null, "opening_hours": null, "wikidata": null }, "geometry": { "type": "Point", "coordinates": [ -117.24112744965025, 32.874957091181237 ] } },
{ "type": "Feature", "properties": { "element": "way", "id": 821246693, "name": null, "leisure": "park", "operator": null, "access": null, "opening_hours": null, "wikidata": null }, "geometry": { "type": "Point", "coordinates": [ -117.240954581596583, 32.874451491505553 ] } },
{ "type": "Feature", "properties": { "element": "way", "id": 827615043, "name": "High Country West Park", "leisure": "park", "operator": "City of San Diego", "access": null, "opening_hours": null, "wikidata": null }, "geometry": { "type": "Point", "coordinates": [ -117.083209875286755, 33.006773880879614 ] } },
{ "type": "Feature", "properties": { "element": "way", "id": 828612267, "name": "Meanley Park", "leisure": "park", "operator": null, "access": null, "opening_hours": null, "wikidata": null }, "geometry": { "type": "Point", "coordinates": [ -117.094921191546888, 32.902729578759612 ] } },
{ "type": "Feature", "properties": { "element": "way", "id": 828622143, "name": "Little Jerabek Park", "leisure": "park", "operator": null, "access": null, "opening_hours": null, "wikidata": null }, "geometry": { "type": "Point", "coordinates": [ -117.103396897693841, 32.90300496078752 ] } },
{ "type": "Feature", "properties": { "element": "way", "id": 828622144, "name": "Derenbaker Grove", "leisure": "park", "operator": null, "access": null, "opening_hours": null, "wikidata": null }, "geometry": { "type": "Point", "coordinates": [ -117.101172461932563, 32.903394290606315 ] } },
{ "type": "Feature", "properties": { "element": "way", "id": 828631062, "name": "Tot Lot", "leisure": "park", "operator": null, "access": null, "opening_hours": null, "wikidata": null }, "geometry": { "type": "Point", "coordinates": [ -117.090768403400745, 32.912763816589916 ] } },
{ "type": "Feature", "properties": { "element": "way", "id": 828631064, "name": null, "leisure": "park", "operator": null, "access": "yes", "opening_hours": null, "wikidata": null }, "geometry": { "type": "Point", "coordinates": [ -117.082946281998431, 32.922598412703294 ] } },
{ "type": "Feature", "properties": { "element": "way", "id": 828645469, "name": "Canyon View Park", "leisure": "park", "operator": null, "access": null, "opening_hours": null, "wikidata": null }, "geometry": { "type": "Point", "coordinates": [ -117.078630680026762, 32.924033689547997 ] } },
{ "type": "Feature", "properties": { "element": "way", "id": 828659239, "name": "Oak Glen Park", "leisure": "park", "operator": null, "access": null, "opening_hours": null, "wikidata": null }, "geometry": { "type": "Point", "coordinates": [ -117.096093980576597, 32.929139413160264 ] } },
{ "type": "Feature", "properties": { "element": "way", "id": 828659240, "name": "Dry Creek Park", "leisure": "park", "operator": null, "access": null, "opening_hours": null, "wikidata": null }, "geometry": { "type": "Point", "coordinates": [ -117.088822740570038, 32.925563618842652 ] } },
{ "type": "Feature", "properties": { "element": "way", "id": 828659241, "name": "Miramar Overlook Park", "leisure": "park", "operator": null, "access": null, "opening_hours": null, "wikidata": null }, "geometry": { "type": "Point", "coordinates": [ -117.102174655331851, 32.921161304365611 ] } },
{ "type": "Feature", "properties": { "element": "way", "id": 829530857, "name": null, "leisure": "park", "operator": null, "access": null, "opening_hours": null, "wikidata": null }, "geometry": { "type": "Point", "coordinates": [ -117.074664866730018, 32.923734075849765 ] } },
{ "type": "Feature", "properties": { "element": "way", "id": 829539405, "name": null, "leisure": "park", "operator": null, "access": null, "opening_hours": null, "wikidata": null }, "geometry": { "type": "Point", "coordinates": [ -117.104226935921432, 32.904169345998227 ] } },
{ "type": "Feature", "properties": { "element": "way", "id": 830188172, "name": "Hendrix Park", "leisure": "park", "operator": null, "access": null, "opening_hours": null, "wikidata": null }, "geometry": { "type": "Point", "coordinates": [ -117.103426616199059, 32.90064759463786 ] } },
{ "type": "Feature", "properties": { "element": "way", "id": 830502883, "name": "Ethno-botanic Garden", "leisure": "park", "operator": "World Beat Cultural Center", "access": null, "opening_hours": null, "wikidata": null }, "geometry": { "type": "Point", "coordinates": [ -117.149823018988272, 32.726904660780782 ] } },
{ "type": "Feature", "properties": { "element": "way", "id": 831364639, "name": null, "leisure": "park", "operator": null, "access": null, "opening_hours": null, "wikidata": null }, "geometry": { "type": "Point", "coordinates": [ -117.071656585409485, 32.567332143267706 ] } },
{ "type": "Feature", "properties": { "element": "way", "id": 831633692, "name": "Hoyt Park", "leisure": "park", "operator": null, "access": null, "opening_hours": null, "wikidata": null }, "geometry": { "type": "Point", "coordinates": [ -117.099482681217893, 32.905146932806254 ] } },
{ "type": "Feature", "properties": { "element": "way", "id": 869784548, "name": "Fairbrook Neighborhood Park", "leisure": "park", "operator": "City of San Diego", "access": null, "opening_hours": null, "wikidata": null }, "geometry": { "type": "Point", "coordinates": [ -117.07244901995125, 32.905488216001864 ] } },
{ "type": "Feature", "properties": { "element": "way", "id": 877463560, "name": "Sycamore Canyon Park", "leisure": "park", "operator": null, "access": null, "opening_hours": "24/7", "wikidata": "Q113126902" }, "geometry": { "type": "Point", "coordinates": [ -117.039289771898112, 32.921921139606887 ] } },
{ "type": "Feature", "properties": { "element": "way", "id": 877463561, "name": null, "leisure": "park", "operator": null, "access": null, "opening_hours": "24/7", "wikidata": null }, "geometry": { "type": "Point", "coordinates": [ -117.017604562783816, 32.9271018998842 ] } },
{ "type": "Feature", "properties": { "element": "way", "id": 888762618, "name": null, "leisure": "park", "operator": null, "access": null, "opening_hours": null, "wikidata": null }, "geometry": { "type": "Point", "coordinates": [ -117.163590917236036, 32.958768897079878 ] } },
{ "type": "Feature", "properties": { "element": "way", "id": 898210838, "name": "Tonawanda Park", "leisure": "park", "operator": null, "access": null, "opening_hours": null, "wikidata": null }, "geometry": { "type": "Point", "coordinates": [ -117.056626032201393, 32.66654506649882 ] } },
{ "type": "Feature", "properties": { "element": "way", "id": 912440437, "name": null, "leisure": "park", "operator": null, "access": null, "opening_hours": null, "wikidata": null }, "geometry": { "type": "Point", "coordinates": [ -117.143436712813866, 32.803228324934274 ] } },
{ "type": "Feature", "properties": { "element": "way", "id": 925773771, "name": "Hollywood Park", "leisure": "park", "operator": null, "access": null, "opening_hours": null, "wikidata": null }, "geometry": { "type": "Point", "coordinates": [ -117.104149637369147, 32.730485617524188 ] } },
{ "type": "Feature", "properties": { "element": "way", "id": 931171831, "name": null, "leisure": "park", "operator": null, "access": null, "opening_hours": null, "wikidata": null }, "geometry": { "type": "Point", "coordinates": [ -117.205726583339867, 32.954132163213089 ] } },
{ "type": "Feature", "properties": { "element": "way", "id": 931909022, "name": "Torrey Hills Pocket Park", "leisure": "park", "operator": null, "access": null, "opening_hours": null, "wikidata": null }, "geometry": { "type": "Point", "coordinates": [ -117.228265120307626, 32.921711544542525 ] } },
{ "type": "Feature", "properties": { "element": "way", "id": 943155073, "name": "Greg Cox Bike Park", "leisure": "park", "operator": null, "access": null, "opening_hours": "sunrise-sunset", "wikidata": null }, "geometry": { "type": "Point", "coordinates": [ -117.039903985016565, 32.59093653607043 ] } },
{ "type": "Feature", "properties": { "element": "way", "id": 959869071, "name": "Canon Street Park", "leisure": "park", "operator": null, "access": null, "opening_hours": null, "wikidata": null }, "geometry": { "type": "Point", "coordinates": [ -117.235893255575689, 32.724500468428509 ] } },
{ "type": "Feature", "properties": { "element": "way", "id": 961224154, "name": null, "leisure": "park", "operator": null, "access": null, "opening_hours": null, "wikidata": null }, "geometry": { "type": "Point", "coordinates": [ -117.227814400490502, 32.796995093594063 ] } },
{ "type": "Feature", "properties": { "element": "way", "id": 966081390, "name": "Cabrillo North Mini Park", "leisure": "park", "operator": null, "access": null, "opening_hours": null, "wikidata": null }, "geometry": { "type": "Point", "coordinates": [ -117.234606355286104, 32.722815756072258 ] } },
{ "type": "Feature", "properties": { "element": "way", "id": 966081391, "name": "Cabrillo South Mini Park", "leisure": "park", "operator": null, "access": null, "opening_hours": "24/7", "wikidata": null }, "geometry": { "type": "Point", "coordinates": [ -117.234877280944488, 32.721428968348313 ] } },
{ "type": "Feature", "properties": { "element": "way", "id": 975436277, "name": null, "leisure": "park", "operator": null, "access": null, "opening_hours": null, "wikidata": null }, "geometry": { "type": "Point", "coordinates": [ -117.11396154690587, 32.719671488757086 ] } },
{ "type": "Feature", "properties": { "element": "way", "id": 976145466, "name": "Trent Park", "leisure": "park", "operator": null, "access": null, "opening_hours": null, "wikidata": null }, "geometry": { "type": "Point", "coordinates": [ -117.127132929069688, 33.013191528637932 ] } },
{ "type": "Feature", "properties": { "element": "way", "id": 976506489, "name": "Angeline Park", "leisure": "park", "operator": null, "access": null, "opening_hours": null, "wikidata": null }, "geometry": { "type": "Point", "coordinates": [ -117.129254593594467, 33.009861075078675 ] } },
{ "type": "Feature", "properties": { "element": "way", "id": 977508791, "name": null, "leisure": "park", "operator": null, "access": null, "opening_hours": null, "wikidata": null }, "geometry": { "type": "Point", "coordinates": [ -117.192114090471648, 32.818608985140862 ] } },
{ "type": "Feature", "properties": { "element": "way", "id": 977508792, "name": null, "leisure": "park", "operator": null, "access": null, "opening_hours": null, "wikidata": null }, "geometry": { "type": "Point", "coordinates": [ -117.197176180412043, 32.830842463758202 ] } },
{ "type": "Feature", "properties": { "element": "way", "id": 977891005, "name": null, "leisure": "park", "operator": null, "access": null, "opening_hours": null, "wikidata": null }, "geometry": { "type": "Point", "coordinates": [ -117.135131029711701, 33.020302982108788 ] } },
{ "type": "Feature", "properties": { "element": "way", "id": 977891006, "name": null, "leisure": "park", "operator": null, "access": null, "opening_hours": null, "wikidata": null }, "geometry": { "type": "Point", "coordinates": [ -117.135157865215675, 33.01779297047058 ] } },
{ "type": "Feature", "properties": { "element": "way", "id": 977900894, "name": null, "leisure": "park", "operator": null, "access": null, "opening_hours": null, "wikidata": null }, "geometry": { "type": "Point", "coordinates": [ -117.144092971020868, 33.014714825384473 ] } },
{ "type": "Feature", "properties": { "element": "way", "id": 985551643, "name": null, "leisure": "park", "operator": null, "access": null, "opening_hours": null, "wikidata": null }, "geometry": { "type": "Point", "coordinates": [ -117.077217949637557, 32.937501904487277 ] } },
{ "type": "Feature", "properties": { "element": "way", "id": 989275768, "name": "Charles Lewis III Memorial Park", "leisure": "park", "operator": null, "access": null, "opening_hours": null, "wikidata": null }, "geometry": { "type": "Point", "coordinates": [ -117.093633534998446, 32.734204819948424 ] } },
{ "type": "Feature", "properties": { "element": "way", "id": 989278119, "name": "Sunshine Bernardini Park", "leisure": "park", "operator": null, "access": null, "opening_hours": null, "wikidata": null }, "geometry": { "type": "Point", "coordinates": [ -117.099843010713158, 32.722259072843009 ] } },
{ "type": "Feature", "properties": { "element": "way", "id": 991354251, "name": "Manzanita Gathering Place", "leisure": "park", "operator": null, "access": null, "opening_hours": null, "wikidata": null }, "geometry": { "type": "Point", "coordinates": [ -117.101963477197643, 32.740139730058971 ] } },
{ "type": "Feature", "properties": { "element": "way", "id": 992298550, "name": "Menlo Mini Park", "leisure": "park", "operator": null, "access": null, "opening_hours": null, "wikidata": null }, "geometry": { "type": "Point", "coordinates": [ -117.095162726940814, 32.736921859377475 ] } },
{ "type": "Feature", "properties": { "element": "way", "id": 992979935, "name": "J St. Mini Park", "leisure": "park", "operator": null, "access": null, "opening_hours": null, "wikidata": null }, "geometry": { "type": "Point", "coordinates": [ -117.122822368274115, 32.709763823249084 ] } },
{ "type": "Feature", "properties": { "element": "way", "id": 993375138, "name": "Clay Avenue Mini Park", "leisure": "park", "operator": null, "access": null, "opening_hours": null, "wikidata": null }, "geometry": { "type": "Point", "coordinates": [ -117.126136524433932, 32.702997077703337 ] } },
{ "type": "Feature", "properties": { "element": "way", "id": 1015100551, "name": "Curran Plaza", "leisure": "park", "operator": "San Diego Community College District", "access": null, "opening_hours": "24/7", "wikidata": null }, "geometry": { "type": "Point", "coordinates": [ -117.151374894007304, 32.717850261443687 ] } },
{ "type": "Feature", "properties": { "element": "way", "id": 1015101391, "name": null, "leisure": "park", "operator": "San Diego Community College District", "access": null, "opening_hours": "24/7", "wikidata": null }, "geometry": { "type": "Point", "coordinates": [ -117.153350602390091, 32.717335231903377 ] } },
{ "type": "Feature", "properties": { "element": "way", "id": 1016972022, "name": null, "leisure": "park", "operator": null, "access": null, "opening_hours": null, "wikidata": null }, "geometry": { "type": "Point", "coordinates": [ -117.130687197811753, 33.018383085332317 ] } },
{ "type": "Feature", "properties": { "element": "way", "id": 1020969909, "name": "Terrace Drive Mini Park", "leisure": "park", "operator": "City of San Diego", "access": null, "opening_hours": null, "wikidata": null }, "geometry": { "type": "Point", "coordinates": [ -117.108611886591703, 32.764173968005906 ] } },
{ "type": "Feature", "properties": { "element": "way", "id": 1028849515, "name": null, "leisure": "park", "operator": null, "access": null, "opening_hours": null, "wikidata": null }, "geometry": { "type": "Point", "coordinates": [ -117.153409748680161, 32.718566665427986 ] } },
{ "type": "Feature", "properties": { "element": "way", "id": 1046392007, "name": "Sun Ridge Vista Mini Park", "leisure": "park", "operator": null, "access": null, "opening_hours": null, "wikidata": null }, "geometry": { "type": "Point", "coordinates": [ -117.104954955689877, 32.959787929586618 ] } },
{ "type": "Feature", "properties": { "element": "way", "id": 1063077972, "name": "University City Open Space", "leisure": "park", "operator": null, "access": null, "opening_hours": null, "wikidata": null }, "geometry": { "type": "Point", "coordinates": [ -117.213409632333082, 32.846656166044035 ] } },
{ "type": "Feature", "properties": { "element": "way", "id": 1072751409, "name": "Natalie Park", "leisure": "park", "operator": null, "access": null, "opening_hours": null, "wikidata": null }, "geometry": { "type": "Point", "coordinates": [ -117.099028031795967, 32.91760115263412 ] } },
{ "type": "Feature", "properties": { "element": "way", "id": 1079303496, "name": null, "leisure": "park", "operator": null, "access": null, "opening_hours": null, "wikidata": null }, "geometry": { "type": "Point", "coordinates": [ -117.01996875888058, 32.926529462023581 ] } },
{ "type": "Feature", "properties": { "element": "way", "id": 1087731483, "name": "Beltaire Park", "leisure": "park", "operator": null, "access": "permissive", "opening_hours": null, "wikidata": null }, "geometry": { "type": "Point", "coordinates": [ -117.143623726268942, 33.012289755118317 ] } },
{ "type": "Feature", "properties": { "element": "way", "id": 1088044626, "name": "Haaland Glen Park", "leisure": "park", "operator": null, "access": null, "opening_hours": null, "wikidata": null }, "geometry": { "type": "Point", "coordinates": [ -117.14682701622425, 33.01563749007272 ] } },
{ "type": "Feature", "properties": { "element": "way", "id": 1100748264, "name": "Creekside Park", "leisure": "park", "operator": null, "access": null, "opening_hours": null, "wikidata": null }, "geometry": { "type": "Point", "coordinates": [ -117.148983152843755, 32.776600927013291 ] } },
{ "type": "Feature", "properties": { "element": "way", "id": 1100991129, "name": "Overlook Park", "leisure": "park", "operator": null, "access": null, "opening_hours": null, "wikidata": null }, "geometry": { "type": "Point", "coordinates": [ -117.100031477531985, 32.952020267135204 ] } },
{ "type": "Feature", "properties": { "element": "way", "id": 1110030747, "name": "North Park Mini Park", "leisure": "park", "operator": null, "access": null, "opening_hours": "24/7", "wikidata": null }, "geometry": { "type": "Point", "coordinates": [ -117.131506103160319, 32.747657093523635 ] } },
{ "type": "Feature", "properties": { "element": "way", "id": 1118964046, "name": "San Diego Bayfront Park", "leisure": "park", "operator": "Port of San Diego", "access": null, "opening_hours": null, "wikidata": null }, "geometry": { "type": "Point", "coordinates": [ -117.160059011152569, 32.704010378421927 ] } },
{ "type": "Feature", "properties": { "element": "way", "id": 1127413152, "name": "Land of the First People", "leisure": "park", "operator": null, "access": null, "opening_hours": null, "wikidata": null }, "geometry": { "type": "Point", "coordinates": [ -117.198221510111736, 32.75602260391166 ] } },
{ "type": "Feature", "properties": { "element": "way", "id": 1136215790, "name": null, "leisure": "park", "operator": null, "access": null, "opening_hours": null, "wikidata": null }, "geometry": { "type": "Point", "coordinates": [ -117.206640715681246, 32.934797037169091 ] } },
{ "type": "Feature", "properties": { "element": "way", "id": 1136215797, "name": null, "leisure": "park", "operator": null, "access": null, "opening_hours": null, "wikidata": null }, "geometry": { "type": "Point", "coordinates": [ -117.209511583441298, 32.93510102723706 ] } },
{ "type": "Feature", "properties": { "element": "way", "id": 1137853219, "name": null, "leisure": "park", "operator": null, "access": null, "opening_hours": null, "wikidata": null }, "geometry": { "type": "Point", "coordinates": [ -117.230506297220899, 32.918923366619147 ] } },
{ "type": "Feature", "properties": { "element": "way", "id": 1137857492, "name": null, "leisure": "park", "operator": null, "access": null, "opening_hours": null, "wikidata": null }, "geometry": { "type": "Point", "coordinates": [ -117.208093152184119, 32.927797599182853 ] } },
{ "type": "Feature", "properties": { "element": "way", "id": 1137885977, "name": null, "leisure": "park", "operator": null, "access": null, "opening_hours": null, "wikidata": null }, "geometry": { "type": "Point", "coordinates": [ -117.210323755377829, 32.903229987008586 ] } },
{ "type": "Feature", "properties": { "element": "way", "id": 1138151541, "name": null, "leisure": "park", "operator": null, "access": null, "opening_hours": null, "wikidata": null }, "geometry": { "type": "Point", "coordinates": [ -117.134319627028717, 32.932722154581313 ] } },
{ "type": "Feature", "properties": { "element": "way", "id": 1138153336, "name": null, "leisure": "park", "operator": null, "access": null, "opening_hours": null, "wikidata": null }, "geometry": { "type": "Point", "coordinates": [ -117.121161426440992, 32.937975117621924 ] } },
{ "type": "Feature", "properties": { "element": "way", "id": 1138154286, "name": null, "leisure": "park", "operator": null, "access": null, "opening_hours": null, "wikidata": null }, "geometry": { "type": "Point", "coordinates": [ -117.116428799360861, 32.939267282966576 ] } },
{ "type": "Feature", "properties": { "element": "way", "id": 1138154317, "name": null, "leisure": "park", "operator": null, "access": null, "opening_hours": null, "wikidata": null }, "geometry": { "type": "Point", "coordinates": [ -117.116425200390083, 32.940272516876668 ] } },
{ "type": "Feature", "properties": { "element": "way", "id": 1138154321, "name": null, "leisure": "park", "operator": null, "access": null, "opening_hours": null, "wikidata": null }, "geometry": { "type": "Point", "coordinates": [ -117.12051642601331, 32.940607858261181 ] } },
{ "type": "Feature", "properties": { "element": "way", "id": 1138154322, "name": null, "leisure": "park", "operator": null, "access": null, "opening_hours": null, "wikidata": null }, "geometry": { "type": "Point", "coordinates": [ -117.1222218502988, 32.939945787994994 ] } },
{ "type": "Feature", "properties": { "element": "way", "id": 1162686187, "name": null, "leisure": "park", "operator": null, "access": null, "opening_hours": null, "wikidata": null }, "geometry": { "type": "Point", "coordinates": [ -117.210139758622134, 32.741988866223686 ] } },
{ "type": "Feature", "properties": { "element": "way", "id": 1174547110, "name": "Smuggler's Cove Park", "leisure": "park", "operator": "Navy MWR", "access": null, "opening_hours": null, "wikidata": null }, "geometry": { "type": "Point", "coordinates": [ -117.235795696904191, 32.685502673496188 ] } },
{ "type": "Feature", "properties": { "element": "way", "id": 1176964470, "name": "Mills Park", "leisure": "park", "operator": "Marine Corps Community Services", "access": null, "opening_hours": null, "wikidata": null }, "geometry": { "type": "Point", "coordinates": [ -117.121370252840777, 32.888591181102775 ] } },
{ "type": "Feature", "properties": { "element": "way", "id": 1185162025, "name": "East Fortuna Staging Area", "leisure": "park", "operator": null, "access": null, "opening_hours": null, "wikidata": null }, "geometry": { "type": "Point", "coordinates": [ -117.03007215643045, 32.846559659447067 ] } },
{ "type": "Feature", "properties": { "element": "way", "id": 1193371914, "name": null, "leisure": "park", "operator": null, "access": null, "opening_hours": null, "wikidata": null }, "geometry": { "type": "Point", "coordinates": [ -117.167935456744843, 32.764981680554015 ] } },
{ "type": "Feature", "properties": { "element": "way", "id": 1195284872, "name": "T + C Park", "leisure": "park", "operator": null, "access": null, "opening_hours": null, "wikidata": null }, "geometry": { "type": "Point", "coordinates": [ -117.169944836428556, 32.765012118880193 ] } },
{ "type": "Feature", "properties": { "element": "way", "id": 1204535621, "name": "Yokohama Friendship Bell;横浜友好の鐘", "leisure": "park", "operator": null, "access": null, "opening_hours": null, "wikidata": null }, "geometry": { "type": "Point", "coordinates": [ -117.233773089003876, 32.708441427204704 ] } },
{ "type": "Feature", "properties": { "element": "way", "id": 1206764095, "name": "Garden of the Moon", "leisure": "park", "operator": null, "access": null, "opening_hours": null, "wikidata": null }, "geometry": { "type": "Point", "coordinates": [ -117.19384215606334, 32.770320491963282 ] } },
{ "type": "Feature", "properties": { "element": "way", "id": 1229847131, "name": "Via Del Norte Park", "leisure": "park", "operator": null, "access": null, "opening_hours": null, "wikidata": null }, "geometry": { "type": "Point", "coordinates": [ -117.274206297647169, 32.822805442305466 ] } },
{ "type": "Feature", "properties": { "element": "way", "id": 1244216851, "name": "Meanley Park", "leisure": "park", "operator": null, "access": null, "opening_hours": null, "wikidata": null }, "geometry": { "type": "Point", "coordinates": [ -117.108117119142619, 32.910315065985451 ] } },
{ "type": "Feature", "properties": { "element": "way", "id": 1283046908, "name": null, "leisure": "park", "operator": null, "access": null, "opening_hours": null, "wikidata": null }, "geometry": { "type": "Point", "coordinates": [ -117.087264486320166, 32.936497488232469 ] } },
{ "type": "Feature", "properties": { "element": "way", "id": 1313680194, "name": "Beyer Park", "leisure": "park", "operator": null, "access": null, "opening_hours": null, "wikidata": null }, "geometry": { "type": "Point", "coordinates": [ -117.036761414519205, 32.556252541213119 ] } },
{ "type": "Feature", "properties": { "element": "way", "id": 1320470253, "name": "Progress Park", "leisure": "park", "operator": "IQHQ", "access": null, "opening_hours": null, "wikidata": null }, "geometry": { "type": "Point", "coordinates": [ -117.172511555894218, 32.715119024315278 ] } },
{ "type": "Feature", "properties": { "element": "way", "id": 1324491212, "name": "Olive Street Park", "leisure": "park", "operator": null, "access": null, "opening_hours": null, "wikidata": null }, "geometry": { "type": "Point", "coordinates": [ -117.162477651295575, 32.734353014476596 ] } },
{ "type": "Feature", "properties": { "element": "way", "id": 1337590975, "name": null, "leisure": "park", "operator": null, "access": null, "opening_hours": null, "wikidata": null }, "geometry": { "type": "Point", "coordinates": [ -117.102974076207303, 32.990970504974023 ] } },
{ "type": "Feature", "properties": { "element": "way", "id": 1339059298, "name": null, "leisure": "park", "operator": null, "access": null, "opening_hours": null, "wikidata": null }, "geometry": { "type": "Point", "coordinates": [ -117.09699917048647, 33.006079015988874 ] } },
{ "type": "Feature", "properties": { "element": "way", "id": 1363655853, "name": "Mission Beach Pocket Park", "leisure": "park", "operator": null, "access": null, "opening_hours": null, "wikidata": null }, "geometry": { "type": "Point", "coordinates": [ -117.251419207135626, 32.774591612834939 ] } },
{ "type": "Feature", "properties": { "element": "way", "id": 1390780982, "name": "Famosa Slough", "leisure": "park", "operator": null, "access": null, "opening_hours": null, "wikidata": null }, "geometry": { "type": "Point", "coordinates": [ -117.228933715568843, 32.754886236846275 ] } },
{ "type": "Feature", "properties": { "element": "way", "id": 1416356364, "name": "City Heights Square Mini Park", "leisure": "park", "operator": "City of San Diego", "access": null, "opening_hours": null, "wikidata": null }, "geometry": { "type": "Point", "coordinates": [ -117.101781600001431, 32.750556249951764 ] } },
{ "type": "Feature", "properties": { "element": "way", "id": 1421060297, "name": null, "leisure": "park", "operator": null, "access": null, "opening_hours": null, "wikidata": null }, "geometry": { "type": "Point", "coordinates": [ -117.198588078838185, 32.925671454588041 ] } },
{ "type": "Feature", "properties": { "element": "way", "id": 1421060299, "name": null, "leisure": "park", "operator": null, "access": null, "opening_hours": null, "wikidata": null }, "geometry": { "type": "Point", "coordinates": [ -117.208610834044961, 32.923621788129665 ] } },
{ "type": "Feature", "properties": { "element": "way", "id": 1425956839, "name": null, "leisure": "park", "operator": null, "access": null, "opening_hours": null, "wikidata": null }, "geometry": { "type": "Point", "coordinates": [ -117.177054487041076, 32.969647381068093 ] } },
{ "type": "Feature", "properties": { "element": "way", "id": 1431558128, "name": "Wallach & Goldman Square", "leisure": "park", "operator": null, "access": null, "opening_hours": null, "wikidata": "Q49565022" }, "geometry": { "type": "Point", "coordinates": [ -117.196190072033602, 32.753367999674609 ] } },
{ "type": "Feature", "properties": { "element": "way", "id": 1442480333, "name": null, "leisure": "park", "operator": null, "access": null, "opening_hours": null, "wikidata": null }, "geometry": { "type": "Point", "coordinates": [ -117.230812331583095, 32.91304415931917 ] } },
{ "type": "Feature", "properties": { "element": "way", "id": 1443605210, "name": "Eastgate Mini Park", "leisure": "park", "operator": null, "access": null, "opening_hours": null, "wikidata": null }, "geometry": { "type": "Point", "coordinates": [ -117.2125327528897, 32.885967932275925 ] } },
{ "type": "Feature", "properties": { "element": "way", "id": 1446373787, "name": null, "leisure": "park", "operator": null, "access": null, "opening_hours": null, "wikidata": null }, "geometry": { "type": "Point", "coordinates": [ -117.230793747002366, 32.97129293744127 ] } },
{ "type": "Feature", "properties": { "element": "way", "id": 1446825344, "name": null, "leisure": "park", "operator": null, "access": null, "opening_hours": null, "wikidata": null }, "geometry": { "type": "Point", "coordinates": [ -117.184822685542429, 32.965053778041245 ] } },
{ "type": "Feature", "properties": { "element": "way", "id": 1446830220, "name": null, "leisure": "park", "operator": null, "access": null, "opening_hours": null, "wikidata": null }, "geometry": { "type": "Point", "coordinates": [ -117.193487730576194, 32.968452815033231 ] } },
{ "type": "Feature", "properties": { "element": "way", "id": 1446830221, "name": null, "leisure": "park", "operator": null, "access": null, "opening_hours": null, "wikidata": null }, "geometry": { "type": "Point", "coordinates": [ -117.189937784754463, 32.968538613752244 ] } },
{ "type": "Feature", "properties": { "element": "way", "id": 1446830222, "name": null, "leisure": "park", "operator": null, "access": null, "opening_hours": null, "wikidata": null }, "geometry": { "type": "Point", "coordinates": [ -117.185519357599532, 32.972132025527607 ] } },
{ "type": "Feature", "properties": { "element": "way", "id": 1447263432, "name": null, "leisure": "park", "operator": null, "access": null, "opening_hours": null, "wikidata": null }, "geometry": { "type": "Point", "coordinates": [ -117.218430381706753, 32.963066532415738 ] } },
{ "type": "Feature", "properties": { "element": "way", "id": 1447627850, "name": null, "leisure": "park", "operator": null, "access": null, "opening_hours": null, "wikidata": null }, "geometry": { "type": "Point", "coordinates": [ -117.235373367648563, 32.952042577717556 ] } },
{ "type": "Feature", "properties": { "element": "way", "id": 1452635946, "name": "Fiesta Island Dog Park", "leisure": "park", "operator": "FIDO/ City of San Diego", "access": null, "opening_hours": "sunrise-sunset", "wikidata": null }, "geometry": { "type": "Point", "coordinates": [ -117.223919374120342, 32.772304969049777 ] } },
{ "type": "Feature", "properties": { "element": "way", "id": 1453232134, "name": null, "leisure": "park", "operator": null, "access": null, "opening_hours": null, "wikidata": null }, "geometry": { "type": "Point", "coordinates": [ -117.203519461659525, 32.954156837610938 ] } },
{ "type": "Feature", "properties": { "element": "way", "id": 1455569006, "name": "Wisdom Park", "leisure": "park", "operator": null, "access": null, "opening_hours": null, "wikidata": null }, "geometry": { "type": "Point", "coordinates": [ -117.166849979099709, 32.897487069542457 ] } },
{ "type": "Feature", "properties": { "element": "way", "id": 1455569887, "name": "Wellness Park", "leisure": "park", "operator": null, "access": null, "opening_hours": null, "wikidata": null }, "geometry": { "type": "Point", "coordinates": [ -117.164243288085146, 32.895399372387217 ] } },
{ "type": "Feature", "properties": { "element": "way", "id": 1458435738, "name": "Dr. Bertha O. Pendleton Park", "leisure": "park", "operator": null, "access": null, "opening_hours": null, "wikidata": null }, "geometry": { "type": "Point", "coordinates": [ -117.058969931893657, 32.763881474970944 ] } },
{ "type": "Feature", "properties": { "element": "way", "id": 1458944582, "name": null, "leisure": "park", "operator": null, "access": null, "opening_hours": null, "wikidata": null }, "geometry": { "type": "Point", "coordinates": [ -117.142366021198882, 32.774414432836913 ] } },
{ "type": "Feature", "properties": { "element": "way", "id": 1460488356, "name": "Piazza della Famiglia", "leisure": "park", "operator": null, "access": null, "opening_hours": null, "wikidata": null }, "geometry": { "type": "Point", "coordinates": [ -117.167873958375395, 32.722992739890046 ] } },
{ "type": "Feature", "properties": { "element": "way", "id": 1464484362, "name": "Machitar Memorial Park", "leisure": "park", "operator": "San Diego Recreation Department", "access": null, "opening_hours": null, "wikidata": null }, "geometry": { "type": "Point", "coordinates": [ -117.197350658690269, 32.83126406312271 ] } },
{ "type": "Feature", "properties": { "element": "way", "id": 1468588399, "name": "Avion Community Park", "leisure": "park", "operator": null, "access": "yes", "opening_hours": null, "wikidata": null }, "geometry": { "type": "Point", "coordinates": [ -117.135462494824708, 32.825871033323196 ] } },
{ "type": "Feature", "properties": { "element": "way", "id": 1471513875, "name": null, "leisure": "park", "operator": null, "access": null, "opening_hours": null, "wikidata": null }, "geometry": { "type": "Point", "coordinates": [ -117.192082119433564, 32.751691043425197 ] } },
{ "type": "Feature", "properties": { "element": "way", "id": 1471837121, "name": "Wonder Park", "leisure": "park", "operator": null, "access": null, "opening_hours": null, "wikidata": null }, "geometry": { "type": "Point", "coordinates": [ -117.162021618764641, 32.893241569025662 ] } },
{ "type": "Feature", "properties": { "element": "way", "id": 1479370837, "name": "Iron Horse Yard", "leisure": "park", "operator": "California Department of Parks and Recreation", "access": null, "opening_hours": "24/7", "wikidata": null }, "geometry": { "type": "Point", "coordinates": [ -117.198639052400196, 32.754711396364947 ] } },
{ "type": "Feature", "properties": { "element": "way", "id": 1479849502, "name": "Dog Run  @ Fault Line", "leisure": "park", "operator": null, "access": null, "opening_hours": null, "wikidata": null }, "geometry": { "type": "Point", "coordinates": [ -117.151451640554143, 32.709649180733386 ] } }
]
}
